compression_level,processed_image_path,original_image_path,true_label,pred_label,pred_name,confidence,fft_clahe_preprocessing_time_ms,fft_clahe_inference_time_ms,fft_clahe_end_to_end_time_ms
aggressive,D:\IMAGE COMPRESSION PROJECT\output\processed_datasets\aggressive\no\1 no.jpg,D:\IMAGE COMPRESSION PROJECT\brain_tumor_dataset\no\1 no.jpeg,0,0,no,0.039060864597558975,42.078200000105426,22.69990000058897,64.7781000006944
aggressive,D:\IMAGE COMPRESSION PROJECT\output\processed_datasets\aggressive\no\10 no.jpg,D:\IMAGE COMPRESSION PROJECT\brain_tumor_dataset\no\10 no.jpg,0,0,no,0.32651546597480774,13.783700007479638,22.061900002881885,35.84560001036152
aggressive,D:\IMAGE COMPRESSION PROJECT\output\processed_datasets\aggressive\no\11 no.jpg,D:\IMAGE COMPRESSION PROJECT\brain_tumor_dataset\no\11 no.jpg,0,0,no,0.0374598391354084,12.385800015181303,22.792300005676225,35.17810002085753
aggressive,D:\IMAGE COMPRESSION PROJECT\output\processed_datasets\aggressive\no\12 no.jpg,D:\IMAGE COMPRESSION PROJECT\brain_tumor_dataset\no\12 no.jpg,0,1,yes,0.597393274307251,16.452299954835325,21.111699985340238,37.56399994017556
aggressive,D:\IMAGE COMPRESSION PROJECT\output\processed_datasets\aggressive\no\13 no.jpg,D:\IMAGE COMPRESSION PROJECT\brain_tumor_dataset\no\13 no.jpg,0,0,no,0.010628034360706806,10.72099999873899,21.379200014052913,32.1002000127919
aggressive,D:\IMAGE COMPRESSION PROJECT\output\processed_datasets\aggressive\no\14 no.jpg,D:\IMAGE COMPRESSION PROJECT\brain_tumor_dataset\no\14 no.jpg,0,0,no,0.030414102599024773,12.533300003269687,21.71599998837337,34.249299991643056
aggressive,D:\IMAGE COMPRESSION PROJECT\output\processed_datasets\aggressive\no\15 no.jpg,D:\IMAGE COMPRESSION PROJECT\brain_tumor_dataset\no\15 no.jpg,0,0,no,0.2831982970237732,12.4290999956429,22.371900005964562,34.80100000160746
aggressive,D:\IMAGE COMPRESSION PROJECT\output\processed_datasets\aggressive\no\17 no.jpg,D:\IMAGE COMPRESSION PROJECT\brain_tumor_dataset\no\17 no.jpg,0,0,no,0.4278750717639923,14.94350002030842,21.099100005812943,36.04260002612136
aggressive,D:\IMAGE COMPRESSION PROJECT\output\processed_datasets\aggressive\no\18 no.jpg,D:\IMAGE COMPRESSION PROJECT\brain_tumor_dataset\no\18 no.jpg,0,0,no,0.09694836288690567,12.36389999394305,21.368499990785494,33.732399984728545
aggressive,D:\IMAGE COMPRESSION PROJECT\output\processed_datasets\aggressive\no\19 no.jpg,D:\IMAGE COMPRESSION PROJECT\brain_tumor_dataset\no\19 no.jpg,0,0,no,0.09514657407999039,11.172099999384955,22.193999990122393,33.36609998950735
aggressive,D:\IMAGE COMPRESSION PROJECT\output\processed_datasets\aggressive\no\2 no.jpg,D:\IMAGE COMPRESSION PROJECT\brain_tumor_dataset\no\2 no.jpeg,0,0,no,0.2070939838886261,43.36899999179877,22.102100017946213,65.47110000974499
aggressive,D:\IMAGE COMPRESSION PROJECT\output\processed_datasets\aggressive\no\20 no.jpg,D:\IMAGE COMPRESSION PROJECT\brain_tumor_dataset\no\20 no.jpg,0,1,yes,0.5364866256713867,15.20580000942573,21.590399992419407,36.796200001845136
aggressive,D:\IMAGE COMPRESSION PROJECT\output\processed_datasets\aggressive\no\21 no.jpg,D:\IMAGE COMPRESSION PROJECT\brain_tumor_dataset\no\21 no.jpg,0,0,no,0.12587441504001617,9.697900037281215,22.460500011220574,32.15840004850179
aggressive,D:\IMAGE COMPRESSION PROJECT\output\processed_datasets\aggressive\no\22 no.jpg,D:\IMAGE COMPRESSION PROJECT\brain_tumor_dataset\no\22 no.jpg,0,0,no,0.07297126948833466,13.85439999285154,21.590999996988103,35.44539998983964
aggressive,D:\IMAGE COMPRESSION PROJECT\output\processed_datasets\aggressive\no\23 no.jpg,D:\IMAGE COMPRESSION PROJECT\brain_tumor_dataset\no\23 no.jpg,0,1,yes,0.8932235240936279,12.305800017202273,23.04800000274554,35.35380001994781
aggressive,D:\IMAGE COMPRESSION PROJECT\output\processed_datasets\aggressive\no\24 no.jpg,D:\IMAGE COMPRESSION PROJECT\brain_tumor_dataset\no\24 no.jpg,0,0,no,0.11735157668590546,14.325299998745322,21.143099991604686,35.46839999035001
aggressive,D:\IMAGE COMPRESSION PROJECT\output\processed_datasets\aggressive\no\25 no.jpg,D:\IMAGE COMPRESSION PROJECT\brain_tumor_dataset\no\25 no.jpg,0,0,no,0.009640310890972614,11.382000026060268,20.87450001272373,32.256500038784
aggressive,D:\IMAGE COMPRESSION PROJECT\output\processed_datasets\aggressive\no\26 no.jpg,D:\IMAGE COMPRESSION PROJECT\brain_tumor_dataset\no\26 no.jpg,0,0,no,0.46726110577583313,13.769100012723356,22.267299995291978,36.036400008015335
aggressive,D:\IMAGE COMPRESSION PROJECT\output\processed_datasets\aggressive\no\27 no.jpg,D:\IMAGE COMPRESSION PROJECT\brain_tumor_dataset\no\27 no.jpg,0,0,no,0.4278750717639923,9.265599976060912,23.207199992612004,32.472799968672916
aggressive,D:\IMAGE COMPRESSION PROJECT\output\processed_datasets\aggressive\no\28 no.jpg,D:\IMAGE COMPRESSION PROJECT\brain_tumor_dataset\no\28 no.jpg,0,0,no,0.28968170285224915,16.439099999843165,22.601200005738065,39.04030000558123
aggressive,D:\IMAGE COMPRESSION PROJECT\output\processed_datasets\aggressive\no\29 no.jpg,D:\IMAGE COMPRESSION PROJECT\brain_tumor_dataset\no\29 no.jpg,0,0,no,0.33782297372817993,12.445899978047237,20.314900000812486,32.76079997885972
aggressive,D:\IMAGE COMPRESSION PROJECT\output\processed_datasets\aggressive\no\3 no.jpg,D:\IMAGE COMPRESSION PROJECT\brain_tumor_dataset\no\3 no.jpg,0,1,yes,0.6909260153770447,11.469799996120855,23.537200002465397,35.00699999858625
aggressive,D:\IMAGE COMPRESSION PROJECT\output\processed_datasets\aggressive\no\30 no.jpg,D:\IMAGE COMPRESSION PROJECT\brain_tumor_dataset\no\30 no.jpg,0,0,no,0.34090542793273926,11.973299988312647,23.300700006075203,35.27399999438785
aggressive,D:\IMAGE COMPRESSION PROJECT\output\processed_datasets\aggressive\no\31 no.jpg,D:\IMAGE COMPRESSION PROJECT\brain_tumor_dataset\no\31 no.jpg,0,0,no,0.39071038365364075,12.308899982599542,20.273100002668798,32.58199998526834
aggressive,D:\IMAGE COMPRESSION PROJECT\output\processed_datasets\aggressive\no\32 no.jpg,D:\IMAGE COMPRESSION PROJECT\brain_tumor_dataset\no\32 no.jpg,0,0,no,0.2265574187040329,10.556599998380989,19.63260001502931,30.1892000134103
aggressive,D:\IMAGE COMPRESSION PROJECT\output\processed_datasets\aggressive\no\33 no.jpg,D:\IMAGE COMPRESSION PROJECT\brain_tumor_dataset\no\33 no.jpg,0,0,no,0.4049551784992218,14.4191000435967,22.06730001489632,36.48640005849302
aggressive,D:\IMAGE COMPRESSION PROJECT\output\processed_datasets\aggressive\no\34 no.jpg,D:\IMAGE COMPRESSION PROJECT\brain_tumor_dataset\no\34 no.jpg,0,1,yes,0.6262322068214417,9.828100010054186,23.12939998228103,32.957499992335215
aggressive,D:\IMAGE COMPRESSION PROJECT\output\processed_datasets\aggressive\no\35 no.jpg,D:\IMAGE COMPRESSION PROJECT\brain_tumor_dataset\no\35 no.jpg,0,0,no,0.21444600820541382,11.007599998265505,19.458599999779835,30.46619999804534
aggressive,D:\IMAGE COMPRESSION PROJECT\output\processed_datasets\aggressive\no\36 no.jpg,D:\IMAGE COMPRESSION PROJECT\brain_tumor_dataset\no\36 no.jpg,0,0,no,0.37991970777511597,12.056800012942404,20.731700002215803,32.788500015158206
aggressive,D:\IMAGE COMPRESSION PROJECT\output\processed_datasets\aggressive\no\37 no.jpg,D:\IMAGE COMPRESSION PROJECT\brain_tumor_dataset\no\37 no.jpg,0,0,no,0.003115880535915494,12.726699962513521,19.266399991465732,31.993099953979254
aggressive,D:\IMAGE COMPRESSION PROJECT\output\processed_datasets\aggressive\no\38 no.jpg,D:\IMAGE COMPRESSION PROJECT\brain_tumor_dataset\no\38 no.jpg,0,1,yes,0.9121729731559753,15.79689999925904,22.193500015418977,37.990400014678016
aggressive,D:\IMAGE COMPRESSION PROJECT\output\processed_datasets\aggressive\no\39 no.jpg,D:\IMAGE COMPRESSION PROJECT\brain_tumor_dataset\no\39 no.jpg,0,0,no,0.42953982949256897,10.355100006563589,21.47889998741448,31.83399999397807
aggressive,D:\IMAGE COMPRESSION PROJECT\output\processed_datasets\aggressive\no\4 no.jpg,D:\IMAGE COMPRESSION PROJECT\brain_tumor_dataset\no\4 no.jpg,0,1,yes,0.8201924562454224,13.52260002749972,22.683000017423183,36.2056000449229
aggressive,D:\IMAGE COMPRESSION PROJECT\output\processed_datasets\aggressive\no\40 no.jpg,D:\IMAGE COMPRESSION PROJECT\brain_tumor_dataset\no\40 no.jpg,0,0,no,0.10986212641000748,11.38619999983348,23.127399996155873,34.51359999598935
aggressive,D:\IMAGE COMPRESSION PROJECT\output\processed_datasets\aggressive\no\41 no.jpg,D:\IMAGE COMPRESSION PROJECT\brain_tumor_dataset\no\41 no.jpg,0,0,no,0.10986212641000748,4.768399987369776,21.284299989929423,26.0526999772992
aggressive,D:\IMAGE COMPRESSION PROJECT\output\processed_datasets\aggressive\no\42 no.jpg,D:\IMAGE COMPRESSION PROJECT\brain_tumor_dataset\no\42 no.jpg,0,0,no,0.010628034360706806,6.284099974436685,20.28480000444688,26.568899978883564
aggressive,D:\IMAGE COMPRESSION PROJECT\output\processed_datasets\aggressive\no\43 no.jpg,D:\IMAGE COMPRESSION PROJECT\brain_tumor_dataset\no\43 no.jpg,0,0,no,0.011658960022032261,14.871199993649498,21.145900012925267,36.017100006574765
aggressive,D:\IMAGE COMPRESSION PROJECT\output\processed_datasets\aggressive\no\44no.jpg,D:\IMAGE COMPRESSION PROJECT\brain_tumor_dataset\no\44no.jpg,0,0,no,0.19587451219558716,29.150300018955022,21.236500004306436,50.38680002326146
aggressive,D:\IMAGE COMPRESSION PROJECT\output\processed_datasets\aggressive\no\45 no.jpg,D:\IMAGE COMPRESSION PROJECT\brain_tumor_dataset\no\45 no.jpg,0,0,no,0.0794726237654686,38.983200007351115,22.46529998956248,61.4484999969136
aggressive,D:\IMAGE COMPRESSION PROJECT\output\processed_datasets\aggressive\no\46 no.jpg,D:\IMAGE COMPRESSION PROJECT\brain_tumor_dataset\no\46 no.jpg,0,0,no,0.08432163298130035,32.22740002092905,22.665199998300523,54.892600019229576
aggressive,D:\IMAGE COMPRESSION PROJECT\output\processed_datasets\aggressive\no\47 no.jpg,D:\IMAGE COMPRESSION PROJECT\brain_tumor_dataset\no\47 no.jpg,0,1,yes,0.9296290278434753,10.978400008752942,22.050400002626702,33.028800011379644
aggressive,D:\IMAGE COMPRESSION PROJECT\output\processed_datasets\aggressive\no\48 no.jpg,D:\IMAGE COMPRESSION PROJECT\brain_tumor_dataset\no\48 no.jpeg,0,0,no,0.008002501912415028,45.92820000834763,21.281000023009256,67.20920003135689
aggressive,D:\IMAGE COMPRESSION PROJECT\output\processed_datasets\aggressive\no\49 no.jpg,D:\IMAGE COMPRESSION PROJECT\brain_tumor_dataset\no\49 no.jpg,0,1,yes,0.5833724141120911,10.631399985868484,16.645299998344854,27.276699984213337
aggressive,D:\IMAGE COMPRESSION PROJECT\output\processed_datasets\aggressive\no\5 no.jpg,D:\IMAGE COMPRESSION PROJECT\brain_tumor_dataset\no\5 no.jpg,0,0,no,0.4572795331478119,11.247999995248392,22.66839999356307,33.91639998881146
aggressive,D:\IMAGE COMPRESSION PROJECT\output\processed_datasets\aggressive\no\50 no.jpg,D:\IMAGE COMPRESSION PROJECT\brain_tumor_dataset\no\50 no.jpg,0,1,yes,0.6534914374351501,16.192699986277148,23.51469997665845,39.7073999629356
aggressive,D:\IMAGE COMPRESSION PROJECT\output\processed_datasets\aggressive\no\6 no.jpg,D:\IMAGE COMPRESSION PROJECT\brain_tumor_dataset\no\6 no.jpg,0,0,no,0.07834562659263611,9.30460001109168,21.47609999519773,30.780700006289408
aggressive,D:\IMAGE COMPRESSION PROJECT\output\processed_datasets\aggressive\no\7 no.jpg,D:\IMAGE COMPRESSION PROJECT\brain_tumor_dataset\no\7 no.jpg,0,1,yes,0.5864210724830627,38.835199986351654,20.408200012752786,59.24339999910444
aggressive,D:\IMAGE COMPRESSION PROJECT\output\processed_datasets\aggressive\no\8 no.jpg,D:\IMAGE COMPRESSION PROJECT\brain_tumor_dataset\no\8 no.jpg,0,1,yes,0.9121729731559753,10.521599964704365,21.205799974268302,31.727399938972667
aggressive,D:\IMAGE COMPRESSION PROJECT\output\processed_datasets\aggressive\no\9 no.jpg,D:\IMAGE COMPRESSION PROJECT\brain_tumor_dataset\no\9 no.jpg,0,0,no,0.32651546597480774,13.251900003524497,21.714800008339807,34.966700011864305
aggressive,D:\IMAGE COMPRESSION PROJECT\output\processed_datasets\aggressive\no\N1.jpg,D:\IMAGE COMPRESSION PROJECT\brain_tumor_dataset\no\N1.JPG,0,1,yes,0.9074153900146484,19.8639000300318,24.05830001225695,43.92220004228875
aggressive,D:\IMAGE COMPRESSION PROJECT\output\processed_datasets\aggressive\no\N11.jpg,D:\IMAGE COMPRESSION PROJECT\brain_tumor_dataset\no\N11.jpg,0,0,no,0.26214560866355896,67.21210002433509,22.153700003400445,89.36580002773553
aggressive,D:\IMAGE COMPRESSION PROJECT\output\processed_datasets\aggressive\no\N15.jpg,D:\IMAGE COMPRESSION PROJECT\brain_tumor_dataset\no\N15.jpg,0,0,no,0.4938490092754364,13.62940002582036,21.295700018526986,34.925100044347346
aggressive,D:\IMAGE COMPRESSION PROJECT\output\processed_datasets\aggressive\no\N16.jpg,D:\IMAGE COMPRESSION PROJECT\brain_tumor_dataset\no\N16.jpg,0,1,yes,0.8761207461357117,14.390399999683723,24.09069999703206,38.481099996715784
aggressive,D:\IMAGE COMPRESSION PROJECT\output\processed_datasets\aggressive\no\N17.jpg,D:\IMAGE COMPRESSION PROJECT\brain_tumor_dataset\no\N17.jpg,0,1,yes,0.7985825538635254,28.056799987098202,22.007399995345622,50.064199982443824
aggressive,D:\IMAGE COMPRESSION PROJECT\output\processed_datasets\aggressive\no\N19.jpg,D:\IMAGE COMPRESSION PROJECT\brain_tumor_dataset\no\N19.JPG,0,0,no,0.4204293191432953,15.968399995472282,22.657599998638034,38.625999994110316
aggressive,D:\IMAGE COMPRESSION PROJECT\output\processed_datasets\aggressive\no\N2.jpg,D:\IMAGE COMPRESSION PROJECT\brain_tumor_dataset\no\N2.JPG,0,0,no,0.10022449493408203,14.404799992917106,51.81340000126511,66.21819999418221
aggressive,D:\IMAGE COMPRESSION PROJECT\output\processed_datasets\aggressive\no\N20.jpg,D:\IMAGE COMPRESSION PROJECT\brain_tumor_dataset\no\N20.JPG,0,0,no,0.32495468854904175,20.282699988456443,27.24509997642599,47.52779996488243
aggressive,D:\IMAGE COMPRESSION PROJECT\output\processed_datasets\aggressive\no\N21.jpg,D:\IMAGE COMPRESSION PROJECT\brain_tumor_dataset\no\N21.jpg,0,0,no,0.021772364154458046,107.52779999165796,22.593599976971745,130.1213999686297
aggressive,D:\IMAGE COMPRESSION PROJECT\output\processed_datasets\aggressive\no\N22.jpg,D:\IMAGE COMPRESSION PROJECT\brain_tumor_dataset\no\N22.JPG,0,0,no,0.31976181268692017,21.310600015567616,23.078400001395494,44.38900001696311
aggressive,D:\IMAGE COMPRESSION PROJECT\output\processed_datasets\aggressive\no\N26.jpg,D:\IMAGE COMPRESSION PROJECT\brain_tumor_dataset\no\N26.JPG,0,0,no,0.07119986414909363,11.411599989514798,23.106400010874495,34.51800000038929
aggressive,D:\IMAGE COMPRESSION PROJECT\output\processed_datasets\aggressive\no\N3.jpg,D:\IMAGE COMPRESSION PROJECT\brain_tumor_dataset\no\N3.jpg,0,1,yes,0.8216957449913025,11.346599989337847,22.793399984948337,34.139999974286184
aggressive,D:\IMAGE COMPRESSION PROJECT\output\processed_datasets\aggressive\no\N5.jpg,D:\IMAGE COMPRESSION PROJECT\brain_tumor_dataset\no\N5.jpg,0,1,yes,0.8201924562454224,7.356700021773577,21.650400012731552,29.00710003450513
aggressive,D:\IMAGE COMPRESSION PROJECT\output\processed_datasets\aggressive\no\N6.jpg,D:\IMAGE COMPRESSION PROJECT\brain_tumor_dataset\no\N6.jpg,0,1,yes,0.963561475276947,13.36859998991713,20.87999999639578,34.24859998631291
aggressive,D:\IMAGE COMPRESSION PROJECT\output\processed_datasets\aggressive\no\no 1.jpg,D:\IMAGE COMPRESSION PROJECT\brain_tumor_dataset\no\no 1.jpg,0,1,yes,0.5833724141120911,6.135000003268942,25.404700019862503,31.539700023131445
aggressive,D:\IMAGE COMPRESSION PROJECT\output\processed_datasets\aggressive\no\no 10.jpg,D:\IMAGE COMPRESSION PROJECT\brain_tumor_dataset\no\no 10.jpg,0,0,no,0.01763330027461052,59.61980001302436,22.268000000622123,81.88780001364648
aggressive,D:\IMAGE COMPRESSION PROJECT\output\processed_datasets\aggressive\no\no 100.jpg,D:\IMAGE COMPRESSION PROJECT\brain_tumor_dataset\no\no 100.jpg,0,1,yes,0.9555994868278503,12.574800028232858,22.57819997612387,35.15300000435673
aggressive,D:\IMAGE COMPRESSION PROJECT\output\processed_datasets\aggressive\no\no 2.jpg,D:\IMAGE COMPRESSION PROJECT\brain_tumor_dataset\no\no 2.jpg,0,0,no,0.07300905138254166,13.455300038913265,20.540299999993294,33.99560003890656
aggressive,D:\IMAGE COMPRESSION PROJECT\output\processed_datasets\aggressive\no\no 3.jpg,D:\IMAGE COMPRESSION PROJECT\brain_tumor_dataset\no\no 3.jpg,0,0,no,0.3164196014404297,11.632800014922395,18.298500013770536,29.93130002869293
aggressive,D:\IMAGE COMPRESSION PROJECT\output\processed_datasets\aggressive\no\no 4.jpg,D:\IMAGE COMPRESSION PROJECT\brain_tumor_dataset\no\no 4.jpg,0,1,yes,0.8216957449913025,5.356500012567267,21.091100003104657,26.447600015671924
aggressive,D:\IMAGE COMPRESSION PROJECT\output\processed_datasets\aggressive\no\no 5.jpg,D:\IMAGE COMPRESSION PROJECT\brain_tumor_dataset\no\no 5.jpeg,0,1,yes,0.5538076162338257,31.11640000133775,21.560799999861047,52.6772000011988
aggressive,D:\IMAGE COMPRESSION PROJECT\output\processed_datasets\aggressive\no\no 6.jpg,D:\IMAGE COMPRESSION PROJECT\brain_tumor_dataset\no\no 6.jpg,0,1,yes,0.6165218949317932,14.784600003622472,20.036700007040054,34.821300010662526
aggressive,D:\IMAGE COMPRESSION PROJECT\output\processed_datasets\aggressive\no\no 7.jpg,D:\IMAGE COMPRESSION PROJECT\brain_tumor_dataset\no\no 7.jpeg,0,0,no,0.02194209396839142,40.60239999671467,20.310400024754927,60.91280002146959
aggressive,D:\IMAGE COMPRESSION PROJECT\output\processed_datasets\aggressive\no\no 8.jpg,D:\IMAGE COMPRESSION PROJECT\brain_tumor_dataset\no\no 8.jpg,0,0,no,0.001354333246126771,43.58409999986179,19.792000006418675,63.37610000628047
aggressive,D:\IMAGE COMPRESSION PROJECT\output\processed_datasets\aggressive\no\no 89.jpg,D:\IMAGE COMPRESSION PROJECT\brain_tumor_dataset\no\no 89.jpg,0,0,no,0.01773434691131115,28.882699989480898,17.20289999502711,46.08559998450801
aggressive,D:\IMAGE COMPRESSION PROJECT\output\processed_datasets\aggressive\no\no 9.jpg,D:\IMAGE COMPRESSION PROJECT\brain_tumor_dataset\no\no 9.png,0,0,no,0.005166527349501848,197.87999999243766,21.619000006467104,219.49899999890476
aggressive,D:\IMAGE COMPRESSION PROJECT\output\processed_datasets\aggressive\no\no 90.jpg,D:\IMAGE COMPRESSION PROJECT\brain_tumor_dataset\no\no 90.jpg,0,0,no,0.07898768037557602,19.01059999363497,21.46829999401234,40.47889998764731
aggressive,D:\IMAGE COMPRESSION PROJECT\output\processed_datasets\aggressive\no\no 91.jpg,D:\IMAGE COMPRESSION PROJECT\brain_tumor_dataset\no\no 91.jpeg,0,0,no,0.2139553725719452,25.931400014087558,20.130199991399422,46.06160000548698
aggressive,D:\IMAGE COMPRESSION PROJECT\output\processed_datasets\aggressive\no\no 92.jpg,D:\IMAGE COMPRESSION PROJECT\brain_tumor_dataset\no\no 92.jpg,0,1,yes,0.8998622894287109,17.21499999985099,20.684200018877164,37.89920001872815
aggressive,D:\IMAGE COMPRESSION PROJECT\output\processed_datasets\aggressive\no\no 923.jpg,D:\IMAGE COMPRESSION PROJECT\brain_tumor_dataset\no\no 923.jpg,0,1,yes,0.9515395164489746,9.581699967384338,22.23900001263246,31.820699980016798
aggressive,D:\IMAGE COMPRESSION PROJECT\output\processed_datasets\aggressive\no\no 94.jpg,D:\IMAGE COMPRESSION PROJECT\brain_tumor_dataset\no\no 94.jpg,0,0,no,0.039060864597558975,42.43320002569817,21.764000004623085,64.19720003032126
aggressive,D:\IMAGE COMPRESSION PROJECT\output\processed_datasets\aggressive\no\no 95.jpg,D:\IMAGE COMPRESSION PROJECT\brain_tumor_dataset\no\no 95.jpg,0,0,no,0.35298049449920654,15.376499970443547,20.12329999706708,35.499799967510626
aggressive,D:\IMAGE COMPRESSION PROJECT\output\processed_datasets\aggressive\no\no 96.jpg,D:\IMAGE COMPRESSION PROJECT\brain_tumor_dataset\no\no 96.jpg,0,1,yes,0.6193004846572876,54.03530001058243,20.55290000862442,74.58820001920685
aggressive,D:\IMAGE COMPRESSION PROJECT\output\processed_datasets\aggressive\no\no 97.jpg,D:\IMAGE COMPRESSION PROJECT\brain_tumor_dataset\no\no 97.jpg,0,0,no,0.026049334555864334,30.369499989319593,21.977299998980016,52.34679998829961
aggressive,D:\IMAGE COMPRESSION PROJECT\output\processed_datasets\aggressive\no\no 98.jpg,D:\IMAGE COMPRESSION PROJECT\brain_tumor_dataset\no\no 98.jpg,0,0,no,0.012809379026293755,62.332000001333654,21.01830000174232,83.35030000307597
aggressive,D:\IMAGE COMPRESSION PROJECT\output\processed_datasets\aggressive\no\no 99.jpg,D:\IMAGE COMPRESSION PROJECT\brain_tumor_dataset\no\no 99.jpg,0,0,no,0.022299749776721,37.80609997920692,19.720199983567,57.52629996277392
aggressive,D:\IMAGE COMPRESSION PROJECT\output\processed_datasets\aggressive\no\no.jpg,D:\IMAGE COMPRESSION PROJECT\brain_tumor_dataset\no\no.jpg,0,0,no,0.4374540448188782,28.962000011233616,20.93650001916103,49.89850003039464
aggressive,D:\IMAGE COMPRESSION PROJECT\output\processed_datasets\aggressive\no\No11.jpg,D:\IMAGE COMPRESSION PROJECT\brain_tumor_dataset\no\No11.jpg,0,0,no,0.02194209396839142,43.96929999347776,23.37390001048334,67.3432000039611
aggressive,D:\IMAGE COMPRESSION PROJECT\output\processed_datasets\aggressive\no\No12.jpg,D:\IMAGE COMPRESSION PROJECT\brain_tumor_dataset\no\No12.jpg,0,0,no,0.3485596477985382,55.32769998535514,22.22559999790974,77.55329998326488
aggressive,D:\IMAGE COMPRESSION PROJECT\output\processed_datasets\aggressive\no\No13.jpg,D:\IMAGE COMPRESSION PROJECT\brain_tumor_dataset\no\No13.jpg,0,0,no,0.007498512975871563,32.08600002108142,21.716700022807345,53.80270004388876
aggressive,D:\IMAGE COMPRESSION PROJECT\output\processed_datasets\aggressive\no\No14.jpg,D:\IMAGE COMPRESSION PROJECT\brain_tumor_dataset\no\No14.jpg,0,1,yes,0.7055084705352783,29.646200011484325,21.345800021663308,50.99200003314763
aggressive,D:\IMAGE COMPRESSION PROJECT\output\processed_datasets\aggressive\no\No15.jpg,D:\IMAGE COMPRESSION PROJECT\brain_tumor_dataset\no\No15.jpg,0,0,no,0.3029492199420929,31.749200017657135,22.0848000026308,53.83400002028793
aggressive,D:\IMAGE COMPRESSION PROJECT\output\processed_datasets\aggressive\no\No16.jpg,D:\IMAGE COMPRESSION PROJECT\brain_tumor_dataset\no\No16.jpg,0,0,no,0.005200291983783245,10.305000003427267,22.222999978112057,32.527999981539324
aggressive,D:\IMAGE COMPRESSION PROJECT\output\processed_datasets\aggressive\no\No17.jpg,D:\IMAGE COMPRESSION PROJECT\brain_tumor_dataset\no\No17.jpg,0,0,no,0.3029492199420929,30.2044999843929,23.266800009878352,53.47129999427125
aggressive,D:\IMAGE COMPRESSION PROJECT\output\processed_datasets\aggressive\no\No18.jpg,D:\IMAGE COMPRESSION PROJECT\brain_tumor_dataset\no\No18.jpg,0,0,no,0.010416707023978233,39.56020000623539,21.452899993164465,61.013099999399856
aggressive,D:\IMAGE COMPRESSION PROJECT\output\processed_datasets\aggressive\no\No19.jpg,D:\IMAGE COMPRESSION PROJECT\brain_tumor_dataset\no\No19.jpg,0,0,no,0.026551852002739906,52.26019999827258,22.42720001959242,74.687400017865
aggressive,D:\IMAGE COMPRESSION PROJECT\output\processed_datasets\aggressive\no\No20.jpg,D:\IMAGE COMPRESSION PROJECT\brain_tumor_dataset\no\No20.jpg,0,1,yes,0.6349491477012634,30.966999969678,24.1917000093963,55.1586999790743
aggressive,D:\IMAGE COMPRESSION PROJECT\output\processed_datasets\aggressive\no\No21.jpg,D:\IMAGE COMPRESSION PROJECT\brain_tumor_dataset\no\No21.jpg,0,0,no,0.24072812497615814,29.22689999104477,20.5396999954246,49.76659998646937
aggressive,D:\IMAGE COMPRESSION PROJECT\output\processed_datasets\aggressive\no\No22.jpg,D:\IMAGE COMPRESSION PROJECT\brain_tumor_dataset\no\No22.jpg,0,1,yes,0.5331863760948181,42.198300012387335,21.44159999443218,63.639900006819516
aggressive,D:\IMAGE COMPRESSION PROJECT\output\processed_datasets\aggressive\yes\Y1.jpg,D:\IMAGE COMPRESSION PROJECT\brain_tumor_dataset\yes\Y1.jpg,1,1,yes,0.9957633018493652,12.92839998495765,20.254700008081272,33.18309999303892
aggressive,D:\IMAGE COMPRESSION PROJECT\output\processed_datasets\aggressive\yes\Y10.jpg,D:\IMAGE COMPRESSION PROJECT\brain_tumor_dataset\yes\Y10.jpg,1,1,yes,0.9828360676765442,18.85649998439476,20.138399995630607,38.994899980025366
aggressive,D:\IMAGE COMPRESSION PROJECT\output\processed_datasets\aggressive\yes\Y100.jpg,D:\IMAGE COMPRESSION PROJECT\brain_tumor_dataset\yes\Y100.JPG,1,1,yes,0.9376828074455261,21.224299969617277,20.669399993494153,41.89369996311143
aggressive,D:\IMAGE COMPRESSION PROJECT\output\processed_datasets\aggressive\yes\Y101.jpg,D:\IMAGE COMPRESSION PROJECT\brain_tumor_dataset\yes\Y101.jpg,1,0,no,0.47624385356903076,15.302799991331995,20.621600007871166,35.92439999920316
aggressive,D:\IMAGE COMPRESSION PROJECT\output\processed_datasets\aggressive\yes\Y102.jpg,D:\IMAGE COMPRESSION PROJECT\brain_tumor_dataset\yes\Y102.jpg,1,1,yes,0.9687724113464355,59.783400036394596,21.03109998279251,80.81450001918711
aggressive,D:\IMAGE COMPRESSION PROJECT\output\processed_datasets\aggressive\yes\Y103.jpg,D:\IMAGE COMPRESSION PROJECT\brain_tumor_dataset\yes\Y103.jpg,1,1,yes,0.9994179010391235,122.94750002911314,22.7827999915462,145.73030002065934
aggressive,D:\IMAGE COMPRESSION PROJECT\output\processed_datasets\aggressive\yes\Y104.jpg,D:\IMAGE COMPRESSION PROJECT\brain_tumor_dataset\yes\Y104.jpg,1,1,yes,0.99765944480896,90.28089998173527,20.995300001231954,111.27619998296723
aggressive,D:\IMAGE COMPRESSION PROJECT\output\processed_datasets\aggressive\yes\Y105.jpg,D:\IMAGE COMPRESSION PROJECT\brain_tumor_dataset\yes\Y105.jpg,1,1,yes,0.9991542100906372,15.24269999936223,20.59439997537993,35.83709997474216
aggressive,D:\IMAGE COMPRESSION PROJECT\output\processed_datasets\aggressive\yes\Y106.jpg,D:\IMAGE COMPRESSION PROJECT\brain_tumor_dataset\yes\Y106.jpg,1,1,yes,0.9982107877731323,11.788499978138134,19.993199995951727,31.78169997408986
aggressive,D:\IMAGE COMPRESSION PROJECT\output\processed_datasets\aggressive\yes\Y107.jpg,D:\IMAGE COMPRESSION PROJECT\brain_tumor_dataset\yes\Y107.jpg,1,1,yes,0.8895938992500305,28.308300039498135,16.733600001316518,45.04190004081465
aggressive,D:\IMAGE COMPRESSION PROJECT\output\processed_datasets\aggressive\yes\Y108.jpg,D:\IMAGE COMPRESSION PROJECT\brain_tumor_dataset\yes\Y108.jpg,1,1,yes,0.9972630739212036,204.47959998273294,21.959399979095906,226.43899996182884
aggressive,D:\IMAGE COMPRESSION PROJECT\output\processed_datasets\aggressive\yes\Y109.jpg,D:\IMAGE COMPRESSION PROJECT\brain_tumor_dataset\yes\Y109.JPG,1,1,yes,0.9263732433319092,16.860199975781143,22.20500001567416,39.0651999914553
aggressive,D:\IMAGE COMPRESSION PROJECT\output\processed_datasets\aggressive\yes\Y11.jpg,D:\IMAGE COMPRESSION PROJECT\brain_tumor_dataset\yes\Y11.jpg,1,1,yes,0.9655120372772217,24.291300011100248,22.152399993501604,46.44370000460185
aggressive,D:\IMAGE COMPRESSION PROJECT\output\processed_datasets\aggressive\yes\Y111.jpg,D:\IMAGE COMPRESSION PROJECT\brain_tumor_dataset\yes\Y111.JPG,1,1,yes,0.978667140007019,14.852200023597106,20.507200009888038,35.359400033485144
aggressive,D:\IMAGE COMPRESSION PROJECT\output\processed_datasets\aggressive\yes\Y112.jpg,D:\IMAGE COMPRESSION PROJECT\brain_tumor_dataset\yes\Y112.JPG,1,1,yes,0.9868621826171875,22.2949999733828,21.654299984220415,43.949299957603216
aggressive,D:\IMAGE COMPRESSION PROJECT\output\processed_datasets\aggressive\yes\Y113.jpg,D:\IMAGE COMPRESSION PROJECT\brain_tumor_dataset\yes\Y113.JPG,1,1,yes,0.680555522441864,17.776899971067905,22.45839999523014,40.235299966298044
aggressive,D:\IMAGE COMPRESSION PROJECT\output\processed_datasets\aggressive\yes\Y114.jpg,D:\IMAGE COMPRESSION PROJECT\brain_tumor_dataset\yes\Y114.JPG,1,1,yes,0.9947360157966614,16.372499987483025,20.595100009813905,36.96759999729693
aggressive,D:\IMAGE COMPRESSION PROJECT\output\processed_datasets\aggressive\yes\Y115.jpg,D:\IMAGE COMPRESSION PROJECT\brain_tumor_dataset\yes\Y115.JPG,1,0,no,0.4854488670825958,17.76869999594055,19.957800017436966,37.72650001337752
aggressive,D:\IMAGE COMPRESSION PROJECT\output\processed_datasets\aggressive\yes\Y116.jpg,D:\IMAGE COMPRESSION PROJECT\brain_tumor_dataset\yes\Y116.JPG,1,1,yes,0.6984290480613708,18.66060000611469,20.428999996511266,39.08960000262596
aggressive,D:\IMAGE COMPRESSION PROJECT\output\processed_datasets\aggressive\yes\Y117.jpg,D:\IMAGE COMPRESSION PROJECT\brain_tumor_dataset\yes\Y117.JPG,1,1,yes,0.8804307579994202,18.008299986831844,20.113299979129806,38.12159996596165
aggressive,D:\IMAGE COMPRESSION PROJECT\output\processed_datasets\aggressive\yes\Y12.jpg,D:\IMAGE COMPRESSION PROJECT\brain_tumor_dataset\yes\Y12.jpg,1,1,yes,0.9963443875312805,26.75499999895692,21.913299977313727,48.668299976270646
aggressive,D:\IMAGE COMPRESSION PROJECT\output\processed_datasets\aggressive\yes\Y120.jpg,D:\IMAGE COMPRESSION PROJECT\brain_tumor_dataset\yes\Y120.JPG,1,1,yes,0.9401915669441223,10.646300012012944,24.89109997986816,35.5373999918811
aggressive,D:\IMAGE COMPRESSION PROJECT\output\processed_datasets\aggressive\yes\Y13.jpg,D:\IMAGE COMPRESSION PROJECT\brain_tumor_dataset\yes\Y13.jpg,1,1,yes,0.9880692362785339,19.79270001174882,26.651399995898828,46.44410000764765
aggressive,D:\IMAGE COMPRESSION PROJECT\output\processed_datasets\aggressive\yes\Y14.jpg,D:\IMAGE COMPRESSION PROJECT\brain_tumor_dataset\yes\Y14.jpg,1,1,yes,0.9971439242362976,17.88139998097904,27.081400010501966,44.962799991481006
aggressive,D:\IMAGE COMPRESSION PROJECT\output\processed_datasets\aggressive\yes\Y146.jpg,D:\IMAGE COMPRESSION PROJECT\brain_tumor_dataset\yes\Y146.JPG,1,1,yes,0.9786670207977295,27.019000001018867,23.9251000166405,50.944100017659366
aggressive,D:\IMAGE COMPRESSION PROJECT\output\processed_datasets\aggressive\yes\Y147.jpg,D:\IMAGE COMPRESSION PROJECT\brain_tumor_dataset\yes\Y147.JPG,1,1,yes,0.9942113757133484,22.83290002378635,21.780600014608353,44.613500038394704
aggressive,D:\IMAGE COMPRESSION PROJECT\output\processed_datasets\aggressive\yes\Y148.jpg,D:\IMAGE COMPRESSION PROJECT\brain_tumor_dataset\yes\Y148.JPG,1,1,yes,0.9974526762962341,15.144499979214743,21.18270000210032,36.32719998131506
aggressive,D:\IMAGE COMPRESSION PROJECT\output\processed_datasets\aggressive\yes\Y15.jpg,D:\IMAGE COMPRESSION PROJECT\brain_tumor_dataset\yes\Y15.jpg,1,1,yes,0.986846387386322,20.285200007492676,22.426800016546622,42.7120000240393
aggressive,D:\IMAGE COMPRESSION PROJECT\output\processed_datasets\aggressive\yes\Y153.jpg,D:\IMAGE COMPRESSION PROJECT\brain_tumor_dataset\yes\Y153.jpg,1,1,yes,0.9988952875137329,21.276199986459687,23.367299989331514,44.6434999757912
aggressive,D:\IMAGE COMPRESSION PROJECT\output\processed_datasets\aggressive\yes\Y154.jpg,D:\IMAGE COMPRESSION PROJECT\brain_tumor_dataset\yes\Y154.jpg,1,1,yes,0.9998689889907837,30.343799997353926,22.534799994900823,52.87859999225475
aggressive,D:\IMAGE COMPRESSION PROJECT\output\processed_datasets\aggressive\yes\Y155.jpg,D:\IMAGE COMPRESSION PROJECT\brain_tumor_dataset\yes\Y155.JPG,1,1,yes,0.9899119734764099,23.594900005264208,21.667699998943135,45.26260000420734
aggressive,D:\IMAGE COMPRESSION PROJECT\output\processed_datasets\aggressive\yes\Y156.jpg,D:\IMAGE COMPRESSION PROJECT\brain_tumor_dataset\yes\Y156.JPG,1,1,yes,0.9665617942810059,22.419100016122684,21.174599998630583,43.59370001475327
aggressive,D:\IMAGE COMPRESSION PROJECT\output\processed_datasets\aggressive\yes\Y157.jpg,D:\IMAGE COMPRESSION PROJECT\brain_tumor_dataset\yes\Y157.JPG,1,1,yes,0.9864953756332397,19.436400005361065,22.74539999780245,42.18180000316352
aggressive,D:\IMAGE COMPRESSION PROJECT\output\processed_datasets\aggressive\yes\Y158.jpg,D:\IMAGE COMPRESSION PROJECT\brain_tumor_dataset\yes\Y158.JPG,1,1,yes,0.785220205783844,26.561300008324906,21.087300003273413,47.64860001159832
aggressive,D:\IMAGE COMPRESSION PROJECT\output\processed_datasets\aggressive\yes\Y159.jpg,D:\IMAGE COMPRESSION PROJECT\brain_tumor_dataset\yes\Y159.JPG,1,1,yes,0.9745932817459106,25.660899991635233,22.598300012759864,48.2592000043951
aggressive,D:\IMAGE COMPRESSION PROJECT\output\processed_datasets\aggressive\yes\Y16.jpg,D:\IMAGE COMPRESSION PROJECT\brain_tumor_dataset\yes\Y16.JPG,1,1,yes,0.9886081218719482,22.623700002441183,22.694799990858883,45.318499993300065
aggressive,D:\IMAGE COMPRESSION PROJECT\output\processed_datasets\aggressive\yes\Y160.jpg,D:\IMAGE COMPRESSION PROJECT\brain_tumor_dataset\yes\Y160.JPG,1,1,yes,0.8929551243782043,18.743300024652854,20.85040000383742,39.593700028490275
aggressive,D:\IMAGE COMPRESSION PROJECT\output\processed_datasets\aggressive\yes\Y161.jpg,D:\IMAGE COMPRESSION PROJECT\brain_tumor_dataset\yes\Y161.JPG,1,1,yes,0.9451799392700195,16.907199984416366,23.3128999825567,40.220099966973066
aggressive,D:\IMAGE COMPRESSION PROJECT\output\processed_datasets\aggressive\yes\Y162.jpg,D:\IMAGE COMPRESSION PROJECT\brain_tumor_dataset\yes\Y162.jpg,1,1,yes,0.9972630739212036,210.0458000204526,21.410400018794462,231.45620003924705
aggressive,D:\IMAGE COMPRESSION PROJECT\output\processed_datasets\aggressive\yes\Y163.jpg,D:\IMAGE COMPRESSION PROJECT\brain_tumor_dataset\yes\Y163.JPG,1,1,yes,0.9465910196304321,20.51110001048073,21.242800023173913,41.753900033654645
aggressive,D:\IMAGE COMPRESSION PROJECT\output\processed_datasets\aggressive\yes\Y164.jpg,D:\IMAGE COMPRESSION PROJECT\brain_tumor_dataset\yes\Y164.JPG,1,1,yes,0.999018669128418,15.571600029943511,20.749499992234632,36.32110002217814
aggressive,D:\IMAGE COMPRESSION PROJECT\output\processed_datasets\aggressive\yes\Y165.jpg,D:\IMAGE COMPRESSION PROJECT\brain_tumor_dataset\yes\Y165.JPG,1,1,yes,0.9732881188392639,20.95730000291951,20.010899985209107,40.96819998812862
aggressive,D:\IMAGE COMPRESSION PROJECT\output\processed_datasets\aggressive\yes\Y166.jpg,D:\IMAGE COMPRESSION PROJECT\brain_tumor_dataset\yes\Y166.JPG,1,1,yes,0.9856135249137878,19.316300022182986,21.050000010291114,40.3663000324741
aggressive,D:\IMAGE COMPRESSION PROJECT\output\processed_datasets\aggressive\yes\Y167.jpg,D:\IMAGE COMPRESSION PROJECT\brain_tumor_dataset\yes\Y167.JPG,1,1,yes,0.9174653887748718,17.072799964807928,22.80050000990741,39.87329997471534
aggressive,D:\IMAGE COMPRESSION PROJECT\output\processed_datasets\aggressive\yes\Y168.jpg,D:\IMAGE COMPRESSION PROJECT\brain_tumor_dataset\yes\Y168.jpg,1,1,yes,0.9572564959526062,19.65640002163127,22.61670000734739,42.27310002897866
aggressive,D:\IMAGE COMPRESSION PROJECT\output\processed_datasets\aggressive\yes\Y169.jpg,D:\IMAGE COMPRESSION PROJECT\brain_tumor_dataset\yes\Y169.jpg,1,1,yes,0.9880692362785339,11.63500000257045,22.096300002885982,33.73130000545643
aggressive,D:\IMAGE COMPRESSION PROJECT\output\processed_datasets\aggressive\yes\Y17.jpg,D:\IMAGE COMPRESSION PROJECT\brain_tumor_dataset\yes\Y17.jpg,1,1,yes,0.9971439242362976,9.63650000630878,19.96640002471395,29.602900031022727
aggressive,D:\IMAGE COMPRESSION PROJECT\output\processed_datasets\aggressive\yes\Y170.jpg,D:\IMAGE COMPRESSION PROJECT\brain_tumor_dataset\yes\Y170.JPG,1,1,yes,0.9820384979248047,21.008300012908876,21.50839997921139,42.516699992120266
aggressive,D:\IMAGE COMPRESSION PROJECT\output\processed_datasets\aggressive\yes\Y18.jpg,D:\IMAGE COMPRESSION PROJECT\brain_tumor_dataset\yes\Y18.JPG,1,1,yes,0.9512739777565002,20.296000002417713,19.595099991420284,39.891099993838
aggressive,D:\IMAGE COMPRESSION PROJECT\output\processed_datasets\aggressive\yes\Y180.jpg,D:\IMAGE COMPRESSION PROJECT\brain_tumor_dataset\yes\Y180.jpg,1,1,yes,0.9985907673835754,61.39219997567125,22.447800001828,83.83999997749925
aggressive,D:\IMAGE COMPRESSION PROJECT\output\processed_datasets\aggressive\yes\Y181.jpg,D:\IMAGE COMPRESSION PROJECT\brain_tumor_dataset\yes\Y181.jpg,1,1,yes,0.986846387386322,22.36770000308752,22.689600009471178,45.0573000125587
aggressive,D:\IMAGE COMPRESSION PROJECT\output\processed_datasets\aggressive\yes\Y182.jpg,D:\IMAGE COMPRESSION PROJECT\brain_tumor_dataset\yes\Y182.JPG,1,1,yes,0.9981404542922974,21.328300033928826,21.91579999634996,43.24410003027879
aggressive,D:\IMAGE COMPRESSION PROJECT\output\processed_datasets\aggressive\yes\Y183.jpg,D:\IMAGE COMPRESSION PROJECT\brain_tumor_dataset\yes\Y183.jpg,1,1,yes,0.996236264705658,22.937599977012724,21.591800003079697,44.52939998009242
aggressive,D:\IMAGE COMPRESSION PROJECT\output\processed_datasets\aggressive\yes\Y184.jpg,D:\IMAGE COMPRESSION PROJECT\brain_tumor_dataset\yes\Y184.JPG,1,1,yes,0.9496851563453674,10.677300015231594,22.715099999913946,33.39240001514554
aggressive,D:\IMAGE COMPRESSION PROJECT\output\processed_datasets\aggressive\yes\Y185.jpg,D:\IMAGE COMPRESSION PROJECT\brain_tumor_dataset\yes\Y185.jpg,1,1,yes,0.9817489385604858,23.81539999623783,21.57230000011623,45.38769999635406
aggressive,D:\IMAGE COMPRESSION PROJECT\output\processed_datasets\aggressive\yes\Y186.jpg,D:\IMAGE COMPRESSION PROJECT\brain_tumor_dataset\yes\Y186.jpg,1,1,yes,0.9507890343666077,28.10589998262003,19.829500000923872,47.9353999835439
aggressive,D:\IMAGE COMPRESSION PROJECT\output\processed_datasets\aggressive\yes\Y187.jpg,D:\IMAGE COMPRESSION PROJECT\brain_tumor_dataset\yes\Y187.jpg,1,0,no,0.26920297741889954,14.80860001174733,20.77830000780523,35.58690001955256
aggressive,D:\IMAGE COMPRESSION PROJECT\output\processed_datasets\aggressive\yes\Y188.jpg,D:\IMAGE COMPRESSION PROJECT\brain_tumor_dataset\yes\Y188.jpg,1,1,yes,0.983025312423706,126.40579996514134,21.515500004170462,147.9212999693118
aggressive,D:\IMAGE COMPRESSION PROJECT\output\processed_datasets\aggressive\yes\Y19.jpg,D:\IMAGE COMPRESSION PROJECT\brain_tumor_dataset\yes\Y19.JPG,1,1,yes,0.9976498484611511,21.854700025869533,23.102400009520352,44.957100035389885
aggressive,D:\IMAGE COMPRESSION PROJECT\output\processed_datasets\aggressive\yes\Y192.jpg,D:\IMAGE COMPRESSION PROJECT\brain_tumor_dataset\yes\Y192.JPG,1,1,yes,0.9887806177139282,20.090100006200373,22.28790000663139,42.37800001283176
aggressive,D:\IMAGE COMPRESSION PROJECT\output\processed_datasets\aggressive\yes\Y193.jpg,D:\IMAGE COMPRESSION PROJECT\brain_tumor_dataset\yes\Y193.JPG,1,1,yes,0.9754020571708679,21.48029996897094,21.271999983582646,42.752299952553585
aggressive,D:\IMAGE COMPRESSION PROJECT\output\processed_datasets\aggressive\yes\Y194.jpg,D:\IMAGE COMPRESSION PROJECT\brain_tumor_dataset\yes\Y194.jpg,1,1,yes,0.9963595271110535,11.181399982888252,21.987599990097806,33.16899997298606
aggressive,D:\IMAGE COMPRESSION PROJECT\output\processed_datasets\aggressive\yes\Y195.jpg,D:\IMAGE COMPRESSION PROJECT\brain_tumor_dataset\yes\Y195.JPG,1,1,yes,0.9884706735610962,21.94979996420443,20.912200008751824,42.861999972956255
aggressive,D:\IMAGE COMPRESSION PROJECT\output\processed_datasets\aggressive\yes\Y2.jpg,D:\IMAGE COMPRESSION PROJECT\brain_tumor_dataset\yes\Y2.jpg,1,1,yes,0.9813051819801331,12.616800027899444,19.11290001589805,31.729700043797493
aggressive,D:\IMAGE COMPRESSION PROJECT\output\processed_datasets\aggressive\yes\Y20.jpg,D:\IMAGE COMPRESSION PROJECT\brain_tumor_dataset\yes\Y20.jpg,1,1,yes,0.9028655886650085,12.58189999498427,20.12329999706708,32.70519999205135
aggressive,D:\IMAGE COMPRESSION PROJECT\output\processed_datasets\aggressive\yes\Y21.jpg,D:\IMAGE COMPRESSION PROJECT\brain_tumor_dataset\yes\Y21.jpg,1,1,yes,0.9696425795555115,13.329800014616922,23.873900005128235,37.203700019745156
aggressive,D:\IMAGE COMPRESSION PROJECT\output\processed_datasets\aggressive\yes\Y22.jpg,D:\IMAGE COMPRESSION PROJECT\brain_tumor_dataset\yes\Y22.jpg,1,1,yes,0.9395554065704346,18.852799985324964,21.162199991522357,40.01499997684732
aggressive,D:\IMAGE COMPRESSION PROJECT\output\processed_datasets\aggressive\yes\Y23.jpg,D:\IMAGE COMPRESSION PROJECT\brain_tumor_dataset\yes\Y23.JPG,1,1,yes,0.9892069101333618,20.538599987048656,20.587799983331934,41.12639997038059
aggressive,D:\IMAGE COMPRESSION PROJECT\output\processed_datasets\aggressive\yes\Y24.jpg,D:\IMAGE COMPRESSION PROJECT\brain_tumor_dataset\yes\Y24.jpg,1,1,yes,0.9959539175033569,101.28580001764931,19.64780001435429,120.9336000320036
aggressive,D:\IMAGE COMPRESSION PROJECT\output\processed_datasets\aggressive\yes\Y242.jpg,D:\IMAGE COMPRESSION PROJECT\brain_tumor_dataset\yes\Y242.JPG,1,1,yes,0.9161389470100403,19.353300012880936,19.34400000027381,38.697300013154745
aggressive,D:\IMAGE COMPRESSION PROJECT\output\processed_datasets\aggressive\yes\Y243.jpg,D:\IMAGE COMPRESSION PROJECT\brain_tumor_dataset\yes\Y243.JPG,1,1,yes,0.9988648891448975,18.21050001308322,21.458699979120865,39.669199992204085
aggressive,D:\IMAGE COMPRESSION PROJECT\output\processed_datasets\aggressive\yes\Y244.jpg,D:\IMAGE COMPRESSION PROJECT\brain_tumor_dataset\yes\Y244.JPG,1,1,yes,0.9614781141281128,20.399800006998703,22.694800019962713,43.094600026961416
aggressive,D:\IMAGE COMPRESSION PROJECT\output\processed_datasets\aggressive\yes\Y245.jpg,D:\IMAGE COMPRESSION PROJECT\brain_tumor_dataset\yes\Y245.jpg,1,1,yes,0.9914162755012512,14.702799991937354,19.209999998565763,33.91279999050312
aggressive,D:\IMAGE COMPRESSION PROJECT\output\processed_datasets\aggressive\yes\Y246.jpg,D:\IMAGE COMPRESSION PROJECT\brain_tumor_dataset\yes\Y246.JPG,1,1,yes,0.9799384474754333,20.119200024055317,21.227699995506555,41.34690001956187
aggressive,D:\IMAGE COMPRESSION PROJECT\output\processed_datasets\aggressive\yes\Y247.jpg,D:\IMAGE COMPRESSION PROJECT\brain_tumor_dataset\yes\Y247.JPG,1,1,yes,0.6082491874694824,16.630700003588572,21.633199998177588,38.26390000176616
aggressive,D:\IMAGE COMPRESSION PROJECT\output\processed_datasets\aggressive\yes\Y248.jpg,D:\IMAGE COMPRESSION PROJECT\brain_tumor_dataset\yes\Y248.JPG,1,1,yes,0.9642629027366638,17.615199991269037,21.272000012686476,38.88720000395551
aggressive,D:\IMAGE COMPRESSION PROJECT\output\processed_datasets\aggressive\yes\Y249.jpg,D:\IMAGE COMPRESSION PROJECT\brain_tumor_dataset\yes\Y249.JPG,1,1,yes,0.9659643173217773,17.710099986288697,20.913299988023937,38.62339997431263
aggressive,D:\IMAGE COMPRESSION PROJECT\output\processed_datasets\aggressive\yes\Y25.jpg,D:\IMAGE COMPRESSION PROJECT\brain_tumor_dataset\yes\Y25.jpg,1,1,yes,0.998977541923523,33.44410000136122,18.556300026830286,52.00040002819151
aggressive,D:\IMAGE COMPRESSION PROJECT\output\processed_datasets\aggressive\yes\Y250.jpg,D:\IMAGE COMPRESSION PROJECT\brain_tumor_dataset\yes\Y250.jpg,1,1,yes,0.9334412813186646,15.38210001308471,19.559499982278794,34.941599995363504
aggressive,D:\IMAGE COMPRESSION PROJECT\output\processed_datasets\aggressive\yes\Y251.jpg,D:\IMAGE COMPRESSION PROJECT\brain_tumor_dataset\yes\Y251.JPG,1,1,yes,0.9407536387443542,28.304199979174882,19.881199987139553,48.185399966314435
aggressive,D:\IMAGE COMPRESSION PROJECT\output\processed_datasets\aggressive\yes\Y252.jpg,D:\IMAGE COMPRESSION PROJECT\brain_tumor_dataset\yes\Y252.jpg,1,1,yes,0.982299268245697,12.717899982817471,20.534100010991096,33.25199999380857
aggressive,D:\IMAGE COMPRESSION PROJECT\output\processed_datasets\aggressive\yes\Y253.jpg,D:\IMAGE COMPRESSION PROJECT\brain_tumor_dataset\yes\Y253.JPG,1,1,yes,0.945067822933197,19.791800004895777,21.890000003622845,41.68180000851862
aggressive,D:\IMAGE COMPRESSION PROJECT\output\processed_datasets\aggressive\yes\Y254.jpg,D:\IMAGE COMPRESSION PROJECT\brain_tumor_dataset\yes\Y254.jpg,1,1,yes,0.999152660369873,15.018700010841712,21.48020002641715,36.49890003725886
aggressive,D:\IMAGE COMPRESSION PROJECT\output\processed_datasets\aggressive\yes\Y255.jpg,D:\IMAGE COMPRESSION PROJECT\brain_tumor_dataset\yes\Y255.JPG,1,1,yes,0.9912616014480591,21.96780001395382,21.903200016822666,43.871000030776486
aggressive,D:\IMAGE COMPRESSION PROJECT\output\processed_datasets\aggressive\yes\Y256.jpg,D:\IMAGE COMPRESSION PROJECT\brain_tumor_dataset\yes\Y256.JPG,1,1,yes,0.9967273473739624,20.109500037506223,22.252599999774247,42.36210003728047
aggressive,D:\IMAGE COMPRESSION PROJECT\output\processed_datasets\aggressive\yes\Y257.jpg,D:\IMAGE COMPRESSION PROJECT\brain_tumor_dataset\yes\Y257.jpg,1,1,yes,0.9942803382873535,101.40770001453348,21.74689999083057,123.15460000536405
aggressive,D:\IMAGE COMPRESSION PROJECT\output\processed_datasets\aggressive\yes\Y258.jpg,D:\IMAGE COMPRESSION PROJECT\brain_tumor_dataset\yes\Y258.JPG,1,1,yes,0.9933696985244751,30.891999980667606,23.08210000046529,53.974099981132895
aggressive,D:\IMAGE COMPRESSION PROJECT\output\processed_datasets\aggressive\yes\Y259.jpg,D:\IMAGE COMPRESSION PROJECT\brain_tumor_dataset\yes\Y259.JPG,1,1,yes,0.9924566745758057,17.43990002432838,21.79009999963455,39.23000002396293
aggressive,D:\IMAGE COMPRESSION PROJECT\output\processed_datasets\aggressive\yes\Y26.jpg,D:\IMAGE COMPRESSION PROJECT\brain_tumor_dataset\yes\Y26.jpg,1,1,yes,0.9628405570983887,65.56869999621995,20.664100011345,86.23280000756495
aggressive,D:\IMAGE COMPRESSION PROJECT\output\processed_datasets\aggressive\yes\Y27.jpg,D:\IMAGE COMPRESSION PROJECT\brain_tumor_dataset\yes\Y27.jpg,1,1,yes,0.9894534349441528,41.27280000830069,21.44599999883212,62.71880000713281
aggressive,D:\IMAGE COMPRESSION PROJECT\output\processed_datasets\aggressive\yes\Y28.jpg,D:\IMAGE COMPRESSION PROJECT\brain_tumor_dataset\yes\Y28.jpg,1,1,yes,0.9993894100189209,43.70740000740625,20.924199983710423,64.63159999111667
aggressive,D:\IMAGE COMPRESSION PROJECT\output\processed_datasets\aggressive\yes\Y29.jpg,D:\IMAGE COMPRESSION PROJECT\brain_tumor_dataset\yes\Y29.jpg,1,1,yes,0.953043520450592,42.524099990259856,21.883000008529052,64.40709999878891
aggressive,D:\IMAGE COMPRESSION PROJECT\output\processed_datasets\aggressive\yes\Y3.jpg,D:\IMAGE COMPRESSION PROJECT\brain_tumor_dataset\yes\Y3.jpg,1,1,yes,0.9840250611305237,42.58239999762736,20.840699988184497,63.42309998581186
aggressive,D:\IMAGE COMPRESSION PROJECT\output\processed_datasets\aggressive\yes\Y30.jpg,D:\IMAGE COMPRESSION PROJECT\brain_tumor_dataset\yes\Y30.jpg,1,1,yes,0.9769855737686157,15.997200011042878,22.232199989957735,38.22940000100061
aggressive,D:\IMAGE COMPRESSION PROJECT\output\processed_datasets\aggressive\yes\Y31.jpg,D:\IMAGE COMPRESSION PROJECT\brain_tumor_dataset\yes\Y31.jpg,1,1,yes,0.9883827567100525,14.766100008273497,23.21549999760464,37.981600005878136
aggressive,D:\IMAGE COMPRESSION PROJECT\output\processed_datasets\aggressive\yes\Y32.jpg,D:\IMAGE COMPRESSION PROJECT\brain_tumor_dataset\yes\Y32.jpg,1,1,yes,0.9267098307609558,55.07830000715331,22.349000006215647,77.42730001336895
aggressive,D:\IMAGE COMPRESSION PROJECT\output\processed_datasets\aggressive\yes\Y33.jpg,D:\IMAGE COMPRESSION PROJECT\brain_tumor_dataset\yes\Y33.jpg,1,1,yes,0.8895938992500305,30.198699998436496,21.368899993831292,51.56759999226779
aggressive,D:\IMAGE COMPRESSION PROJECT\output\processed_datasets\aggressive\yes\Y34.jpg,D:\IMAGE COMPRESSION PROJECT\brain_tumor_dataset\yes\Y34.jpg,1,1,yes,0.986846387386322,19.923699990613386,20.05330001702532,39.97700000763871
aggressive,D:\IMAGE COMPRESSION PROJECT\output\processed_datasets\aggressive\yes\Y35.jpg,D:\IMAGE COMPRESSION PROJECT\brain_tumor_dataset\yes\Y35.jpg,1,1,yes,0.96710604429245,35.97910000826232,20.169800001895055,56.14890001015738
aggressive,D:\IMAGE COMPRESSION PROJECT\output\processed_datasets\aggressive\yes\Y36.jpg,D:\IMAGE COMPRESSION PROJECT\brain_tumor_dataset\yes\Y36.JPG,1,1,yes,0.9622591733932495,13.525299960747361,22.445999988121912,35.97129994886927
aggressive,D:\IMAGE COMPRESSION PROJECT\output\processed_datasets\aggressive\yes\Y37.jpg,D:\IMAGE COMPRESSION PROJECT\brain_tumor_dataset\yes\Y37.jpg,1,1,yes,0.9828360676765442,13.420499977655709,24.0421999769751,37.46269995463081
aggressive,D:\IMAGE COMPRESSION PROJECT\output\processed_datasets\aggressive\yes\Y38.jpg,D:\IMAGE COMPRESSION PROJECT\brain_tumor_dataset\yes\Y38.jpg,1,1,yes,0.9769855737686157,10.695200006011873,21.245199983241037,31.94039998925291
aggressive,D:\IMAGE COMPRESSION PROJECT\output\processed_datasets\aggressive\yes\Y39.jpg,D:\IMAGE COMPRESSION PROJECT\brain_tumor_dataset\yes\Y39.jpg,1,1,yes,0.9912405610084534,17.828399984864518,21.730300009949133,39.55869999481365
aggressive,D:\IMAGE COMPRESSION PROJECT\output\processed_datasets\aggressive\yes\Y4.jpg,D:\IMAGE COMPRESSION PROJECT\brain_tumor_dataset\yes\Y4.jpg,1,1,yes,0.9737421870231628,11.431799968704581,22.813299990957603,34.245099959662184
aggressive,D:\IMAGE COMPRESSION PROJECT\output\processed_datasets\aggressive\yes\Y40.jpg,D:\IMAGE COMPRESSION PROJECT\brain_tumor_dataset\yes\Y40.JPG,1,1,yes,0.9911624193191528,23.039799998514354,22.281500016106293,45.32130001462065
aggressive,D:\IMAGE COMPRESSION PROJECT\output\processed_datasets\aggressive\yes\Y41.jpg,D:\IMAGE COMPRESSION PROJECT\brain_tumor_dataset\yes\Y41.jpg,1,1,yes,0.9970834851264954,283.17450001486577,20.42980000260286,303.60430001746863
aggressive,D:\IMAGE COMPRESSION PROJECT\output\processed_datasets\aggressive\yes\Y42.jpg,D:\IMAGE COMPRESSION PROJECT\brain_tumor_dataset\yes\Y42.jpg,1,1,yes,0.9866235852241516,12.056500010658056,16.598699992755428,28.655200003413484
aggressive,D:\IMAGE COMPRESSION PROJECT\output\processed_datasets\aggressive\yes\Y44.jpg,D:\IMAGE COMPRESSION PROJECT\brain_tumor_dataset\yes\Y44.JPG,1,1,yes,0.9828683137893677,27.286199969239533,20.090899983188137,47.37709995242767
aggressive,D:\IMAGE COMPRESSION PROJECT\output\processed_datasets\aggressive\yes\Y45.jpg,D:\IMAGE COMPRESSION PROJECT\brain_tumor_dataset\yes\Y45.JPG,1,1,yes,0.8226420879364014,22.835500014480203,18.914599990239367,41.75010000471957
aggressive,D:\IMAGE COMPRESSION PROJECT\output\processed_datasets\aggressive\yes\Y46.jpg,D:\IMAGE COMPRESSION PROJECT\brain_tumor_dataset\yes\Y46.jpg,1,1,yes,0.9204413294792175,117.7002000331413,21.64619998075068,139.34640001389198
aggressive,D:\IMAGE COMPRESSION PROJECT\output\processed_datasets\aggressive\yes\Y47.jpg,D:\IMAGE COMPRESSION PROJECT\brain_tumor_dataset\yes\Y47.JPG,1,1,yes,0.982160210609436,21.348999987822026,17.541799985338002,38.89079997316003
aggressive,D:\IMAGE COMPRESSION PROJECT\output\processed_datasets\aggressive\yes\Y49.jpg,D:\IMAGE COMPRESSION PROJECT\brain_tumor_dataset\yes\Y49.JPG,1,1,yes,0.8735058903694153,24.04059996479191,20.010799984447658,44.05139994923957
aggressive,D:\IMAGE COMPRESSION PROJECT\output\processed_datasets\aggressive\yes\Y50.jpg,D:\IMAGE COMPRESSION PROJECT\brain_tumor_dataset\yes\Y50.JPG,1,1,yes,0.825976550579071,17.12750000297092,19.629399990662932,36.75689999363385
aggressive,D:\IMAGE COMPRESSION PROJECT\output\processed_datasets\aggressive\yes\Y51.jpg,D:\IMAGE COMPRESSION PROJECT\brain_tumor_dataset\yes\Y51.jpg,1,1,yes,0.997795581817627,158.66330001153983,19.498600013321266,178.1619000248611
aggressive,D:\IMAGE COMPRESSION PROJECT\output\processed_datasets\aggressive\yes\Y52.jpg,D:\IMAGE COMPRESSION PROJECT\brain_tumor_dataset\yes\Y52.jpg,1,1,yes,0.9939020872116089,157.75589999975637,19.546099996659905,177.30199999641627
aggressive,D:\IMAGE COMPRESSION PROJECT\output\processed_datasets\aggressive\yes\Y53.jpg,D:\IMAGE COMPRESSION PROJECT\brain_tumor_dataset\yes\Y53.jpg,1,1,yes,0.9932570457458496,17.248600022867322,23.48319999873638,40.7318000216037
aggressive,D:\IMAGE COMPRESSION PROJECT\output\processed_datasets\aggressive\yes\Y54.jpg,D:\IMAGE COMPRESSION PROJECT\brain_tumor_dataset\yes\Y54.jpg,1,1,yes,0.9769855737686157,10.593699989840388,22.88350000162609,33.47719999146648
aggressive,D:\IMAGE COMPRESSION PROJECT\output\processed_datasets\aggressive\yes\Y55.jpg,D:\IMAGE COMPRESSION PROJECT\brain_tumor_dataset\yes\Y55.jpg,1,1,yes,0.9969108700752258,51.662800018675625,18.404100002953783,70.06690002162941
aggressive,D:\IMAGE COMPRESSION PROJECT\output\processed_datasets\aggressive\yes\Y56.jpg,D:\IMAGE COMPRESSION PROJECT\brain_tumor_dataset\yes\Y56.jpg,1,1,yes,0.9683563709259033,17.501700029242784,21.894000004976988,39.39570003421977
aggressive,D:\IMAGE COMPRESSION PROJECT\output\processed_datasets\aggressive\yes\Y58.jpg,D:\IMAGE COMPRESSION PROJECT\brain_tumor_dataset\yes\Y58.JPG,1,1,yes,0.9775348901748657,22.02709999983199,24.40329999080859,46.43039999064058
aggressive,D:\IMAGE COMPRESSION PROJECT\output\processed_datasets\aggressive\yes\Y59.jpg,D:\IMAGE COMPRESSION PROJECT\brain_tumor_dataset\yes\Y59.JPG,1,1,yes,0.7994803786277771,16.82950000395067,24.736100021982566,41.565600025933236
aggressive,D:\IMAGE COMPRESSION PROJECT\output\processed_datasets\aggressive\yes\Y6.jpg,D:\IMAGE COMPRESSION PROJECT\brain_tumor_dataset\yes\Y6.jpg,1,1,yes,0.9959306120872498,163.60119997989386,21.587700000964105,185.18889998085797
aggressive,D:\IMAGE COMPRESSION PROJECT\output\processed_datasets\aggressive\yes\Y60.jpg,D:\IMAGE COMPRESSION PROJECT\brain_tumor_dataset\yes\Y60.jpg,1,1,yes,0.9582758545875549,16.013899992685765,22.349199978634715,38.36309997132048
aggressive,D:\IMAGE COMPRESSION PROJECT\output\processed_datasets\aggressive\yes\Y61.jpg,D:\IMAGE COMPRESSION PROJECT\brain_tumor_dataset\yes\Y61.jpg,1,1,yes,0.9994612336158752,40.92040000250563,20.900300005450845,61.820700007956475
aggressive,D:\IMAGE COMPRESSION PROJECT\output\processed_datasets\aggressive\yes\Y62.jpg,D:\IMAGE COMPRESSION PROJECT\brain_tumor_dataset\yes\Y62.jpg,1,1,yes,0.9883827567100525,7.859299978008494,22.954999993089586,30.81429997109808
aggressive,D:\IMAGE COMPRESSION PROJECT\output\processed_datasets\aggressive\yes\Y65.jpg,D:\IMAGE COMPRESSION PROJECT\brain_tumor_dataset\yes\Y65.JPG,1,1,yes,0.9781186580657959,11.731800012057647,21.14720002282411,32.879000034881756
aggressive,D:\IMAGE COMPRESSION PROJECT\output\processed_datasets\aggressive\yes\Y66.jpg,D:\IMAGE COMPRESSION PROJECT\brain_tumor_dataset\yes\Y66.JPG,1,1,yes,0.9747572541236877,15.534000034676865,22.737300023436546,38.27130005811341
aggressive,D:\IMAGE COMPRESSION PROJECT\output\processed_datasets\aggressive\yes\Y67.jpg,D:\IMAGE COMPRESSION PROJECT\brain_tumor_dataset\yes\Y67.JPG,1,1,yes,0.5488844513893127,16.203499981202185,22.10550001473166,38.308999995933846
aggressive,D:\IMAGE COMPRESSION PROJECT\output\processed_datasets\aggressive\yes\Y69.jpg,D:\IMAGE COMPRESSION PROJECT\brain_tumor_dataset\yes\Y69.jpg,1,1,yes,0.998977541923523,37.134100013645366,22.22379998420365,59.35789999784902
aggressive,D:\IMAGE COMPRESSION PROJECT\output\processed_datasets\aggressive\yes\Y7.jpg,D:\IMAGE COMPRESSION PROJECT\brain_tumor_dataset\yes\Y7.jpg,1,1,yes,0.71415776014328,28.03029998904094,20.1394000032451,48.16969999228604
aggressive,D:\IMAGE COMPRESSION PROJECT\output\processed_datasets\aggressive\yes\Y70.jpg,D:\IMAGE COMPRESSION PROJECT\brain_tumor_dataset\yes\Y70.jpg,1,1,yes,0.9769855737686157,9.111199993640184,20.884300000034273,29.995499993674457
aggressive,D:\IMAGE COMPRESSION PROJECT\output\processed_datasets\aggressive\yes\Y71.jpg,D:\IMAGE COMPRESSION PROJECT\brain_tumor_dataset\yes\Y71.JPG,1,1,yes,0.9766560196876526,20.925100019667298,23.738899995805696,44.66400001547299
aggressive,D:\IMAGE COMPRESSION PROJECT\output\processed_datasets\aggressive\yes\Y73.jpg,D:\IMAGE COMPRESSION PROJECT\brain_tumor_dataset\yes\Y73.jpg,1,1,yes,0.9845201373100281,16.975399979855865,21.851900004548952,38.82729998440482
aggressive,D:\IMAGE COMPRESSION PROJECT\output\processed_datasets\aggressive\yes\Y74.jpg,D:\IMAGE COMPRESSION PROJECT\brain_tumor_dataset\yes\Y74.jpg,1,1,yes,0.9969108700752258,51.21740000322461,20.30539998668246,71.52279998990707
aggressive,D:\IMAGE COMPRESSION PROJECT\output\processed_datasets\aggressive\yes\Y75.jpg,D:\IMAGE COMPRESSION PROJECT\brain_tumor_dataset\yes\Y75.JPG,1,1,yes,0.9990123510360718,16.862899996340275,21.06859997729771,37.93149997363798
aggressive,D:\IMAGE COMPRESSION PROJECT\output\processed_datasets\aggressive\yes\Y76.jpg,D:\IMAGE COMPRESSION PROJECT\brain_tumor_dataset\yes\Y76.jpg,1,1,yes,0.9967060685157776,30.463800008874387,19.3227999843657,49.78659999324009
aggressive,D:\IMAGE COMPRESSION PROJECT\output\processed_datasets\aggressive\yes\Y77.jpg,D:\IMAGE COMPRESSION PROJECT\brain_tumor_dataset\yes\Y77.jpg,1,1,yes,0.9853872060775757,19.92180000524968,21.83149999473244,41.75329999998212
aggressive,D:\IMAGE COMPRESSION PROJECT\output\processed_datasets\aggressive\yes\Y78.jpg,D:\IMAGE COMPRESSION PROJECT\brain_tumor_dataset\yes\Y78.jpg,1,1,yes,0.9953299760818481,14.705499983392656,19.700500008184463,34.40599999157712
aggressive,D:\IMAGE COMPRESSION PROJECT\output\processed_datasets\aggressive\yes\Y79.jpg,D:\IMAGE COMPRESSION PROJECT\brain_tumor_dataset\yes\Y79.jpg,1,1,yes,0.9998689889907837,28.21540003060363,19.74109999719076,47.95650002779439
aggressive,D:\IMAGE COMPRESSION PROJECT\output\processed_datasets\aggressive\yes\Y8.jpg,D:\IMAGE COMPRESSION PROJECT\brain_tumor_dataset\yes\Y8.jpg,1,1,yes,0.9602637887001038,36.14089998882264,21.864800015464425,58.005700004287064
aggressive,D:\IMAGE COMPRESSION PROJECT\output\processed_datasets\aggressive\yes\Y81.jpg,D:\IMAGE COMPRESSION PROJECT\brain_tumor_dataset\yes\Y81.jpg,1,1,yes,0.9863714575767517,12.385699985316023,23.774600005708635,36.16029999102466
aggressive,D:\IMAGE COMPRESSION PROJECT\output\processed_datasets\aggressive\yes\Y82.jpg,D:\IMAGE COMPRESSION PROJECT\brain_tumor_dataset\yes\Y82.jpg,1,1,yes,0.9537046551704407,18.890899984398857,21.740800002589822,40.63169998698868
aggressive,D:\IMAGE COMPRESSION PROJECT\output\processed_datasets\aggressive\yes\Y85.jpg,D:\IMAGE COMPRESSION PROJECT\brain_tumor_dataset\yes\Y85.JPG,1,1,yes,0.5205523371696472,16.29200001480058,22.257699980400503,38.54969999520108
aggressive,D:\IMAGE COMPRESSION PROJECT\output\processed_datasets\aggressive\yes\Y86.jpg,D:\IMAGE COMPRESSION PROJECT\brain_tumor_dataset\yes\Y86.JPG,1,1,yes,0.9855955839157104,15.439599985256791,21.027999988291413,36.467599973548204
aggressive,D:\IMAGE COMPRESSION PROJECT\output\processed_datasets\aggressive\yes\Y89.jpg,D:\IMAGE COMPRESSION PROJECT\brain_tumor_dataset\yes\Y89.JPG,1,1,yes,0.9693962931632996,21.766000019852072,20.71460001752712,42.48060003737919
aggressive,D:\IMAGE COMPRESSION PROJECT\output\processed_datasets\aggressive\yes\Y9.jpg,D:\IMAGE COMPRESSION PROJECT\brain_tumor_dataset\yes\Y9.jpg,1,1,yes,0.9942677021026611,43.58320002211258,22.71140000084415,66.29460002295673
aggressive,D:\IMAGE COMPRESSION PROJECT\output\processed_datasets\aggressive\yes\Y90.jpg,D:\IMAGE COMPRESSION PROJECT\brain_tumor_dataset\yes\Y90.jpg,1,1,yes,0.9576272368431091,28.489100019214675,20.76759998453781,49.256700003752485
aggressive,D:\IMAGE COMPRESSION PROJECT\output\processed_datasets\aggressive\yes\Y91.jpg,D:\IMAGE COMPRESSION PROJECT\brain_tumor_dataset\yes\Y91.jpg,1,1,yes,0.9988476037979126,214.69960000831634,21.679600002244115,236.37920001056045
aggressive,D:\IMAGE COMPRESSION PROJECT\output\processed_datasets\aggressive\yes\Y92.jpg,D:\IMAGE COMPRESSION PROJECT\brain_tumor_dataset\yes\Y92.png,1,1,yes,0.9127276539802551,14.751800015801564,22.512099996674806,37.26390001247637
aggressive,D:\IMAGE COMPRESSION PROJECT\output\processed_datasets\aggressive\yes\Y95.jpg,D:\IMAGE COMPRESSION PROJECT\brain_tumor_dataset\yes\Y95.jpg,1,1,yes,0.9966890215873718,11.190900026122108,21.966600004816428,33.157500030938536
aggressive,D:\IMAGE COMPRESSION PROJECT\output\processed_datasets\aggressive\yes\Y96.jpg,D:\IMAGE COMPRESSION PROJECT\brain_tumor_dataset\yes\Y96.jpg,1,1,yes,0.998931348323822,102.17039997223765,20.97939999657683,123.14979996881448
aggressive,D:\IMAGE COMPRESSION PROJECT\output\processed_datasets\aggressive\yes\Y97.jpg,D:\IMAGE COMPRESSION PROJECT\brain_tumor_dataset\yes\Y97.JPG,1,1,yes,0.9698185920715332,20.741500018630177,22.530500020366162,43.27200003899634
aggressive,D:\IMAGE COMPRESSION PROJECT\output\processed_datasets\aggressive\yes\Y98.jpg,D:\IMAGE COMPRESSION PROJECT\brain_tumor_dataset\yes\Y98.JPG,1,1,yes,0.9926659464836121,17.943299986654893,21.86099998652935,39.80429997318424
aggressive,D:\IMAGE COMPRESSION PROJECT\output\processed_datasets\aggressive\yes\Y99.jpg,D:\IMAGE COMPRESSION PROJECT\brain_tumor_dataset\yes\Y99.JPG,1,1,yes,0.9756896495819092,22.128900018287823,22.24349998869002,44.37240000697784
