original_image_path,processed_image_path,true_label,baseline_pred,compressed_pred,baseline_correct,compressed_correct,prediction_match,baseline_confidence,compressed_confidence,baseline_time_ms,compressed_time_ms
D:\IMAGE COMPRESSION PROJECT\brain_tumor_dataset\no\1 no.jpeg,D:\IMAGE COMPRESSION PROJECT\output\processed_datasets\light\no\1 no.jpg,0,0,0,1,1,1,0.0041247047483921,0.070782221853733,0,0
D:\IMAGE COMPRESSION PROJECT\brain_tumor_dataset\no\10 no.jpg,D:\IMAGE COMPRESSION PROJECT\output\processed_datasets\light\no\10 no.jpg,0,0,0,1,1,1,0.0531448684632778,0.0697888061404228,0,0
D:\IMAGE COMPRESSION PROJECT\brain_tumor_dataset\no\11 no.jpg,D:\IMAGE COMPRESSION PROJECT\output\processed_datasets\light\no\11 no.jpg,0,0,0,1,1,1,0.0133623881265521,0.0192368850111961,0,0
D:\IMAGE COMPRESSION PROJECT\brain_tumor_dataset\no\12 no.jpg,D:\IMAGE COMPRESSION PROJECT\output\processed_datasets\light\no\12 no.jpg,0,0,0,1,1,1,0.0709905326366424,0.0301294866949319,0,0
D:\IMAGE COMPRESSION PROJECT\brain_tumor_dataset\no\13 no.jpg,D:\IMAGE COMPRESSION PROJECT\output\processed_datasets\light\no\13 no.jpg,0,0,0,1,1,1,0.0012319472152739,0.001961023081094,0,0
D:\IMAGE COMPRESSION PROJECT\brain_tumor_dataset\no\14 no.jpg,D:\IMAGE COMPRESSION PROJECT\output\processed_datasets\light\no\14 no.jpg,0,0,0,1,1,1,0.0399553067982196,0.023553404957056,0,0
D:\IMAGE COMPRESSION PROJECT\brain_tumor_dataset\no\15 no.jpg,D:\IMAGE COMPRESSION PROJECT\output\processed_datasets\light\no\15 no.jpg,0,0,0,1,1,1,0.1434980481863021,0.1650264114141464,0,0
D:\IMAGE COMPRESSION PROJECT\brain_tumor_dataset\no\17 no.jpg,D:\IMAGE COMPRESSION PROJECT\output\processed_datasets\light\no\17 no.jpg,0,0,0,1,1,1,0.0548717826604843,0.0940538495779037,0,0
D:\IMAGE COMPRESSION PROJECT\brain_tumor_dataset\no\18 no.jpg,D:\IMAGE COMPRESSION PROJECT\output\processed_datasets\light\no\18 no.jpg,0,0,0,1,1,1,0.0771245062351226,0.0669189244508743,0,0
D:\IMAGE COMPRESSION PROJECT\brain_tumor_dataset\no\19 no.jpg,D:\IMAGE COMPRESSION PROJECT\output\processed_datasets\light\no\19 no.jpg,0,0,0,1,1,1,0.0428026169538497,0.1490672677755355,0,0
D:\IMAGE COMPRESSION PROJECT\brain_tumor_dataset\no\2 no.jpeg,D:\IMAGE COMPRESSION PROJECT\output\processed_datasets\light\no\2 no.jpg,0,0,0,1,1,1,0.0646965131163597,0.282184362411499,0,0
D:\IMAGE COMPRESSION PROJECT\brain_tumor_dataset\no\20 no.jpg,D:\IMAGE COMPRESSION PROJECT\output\processed_datasets\light\no\20 no.jpg,0,0,0,1,1,1,0.1663875430822372,0.1267265081405639,0,0
D:\IMAGE COMPRESSION PROJECT\brain_tumor_dataset\no\21 no.jpg,D:\IMAGE COMPRESSION PROJECT\output\processed_datasets\light\no\21 no.jpg,0,0,0,1,1,1,0.0159412585198879,0.0539731681346893,0,0
D:\IMAGE COMPRESSION PROJECT\brain_tumor_dataset\no\22 no.jpg,D:\IMAGE COMPRESSION PROJECT\output\processed_datasets\light\no\22 no.jpg,0,0,0,1,1,1,0.0275429245084524,0.027216900140047,0,0
D:\IMAGE COMPRESSION PROJECT\brain_tumor_dataset\no\23 no.jpg,D:\IMAGE COMPRESSION PROJECT\output\processed_datasets\light\no\23 no.jpg,0,1,1,0,0,1,0.8252916932106018,0.7066020965576172,0,0
D:\IMAGE COMPRESSION PROJECT\brain_tumor_dataset\no\24 no.jpg,D:\IMAGE COMPRESSION PROJECT\output\processed_datasets\light\no\24 no.jpg,0,0,0,1,1,1,0.0171518195420503,0.0502798333764076,0,0
D:\IMAGE COMPRESSION PROJECT\brain_tumor_dataset\no\25 no.jpg,D:\IMAGE COMPRESSION PROJECT\output\processed_datasets\light\no\25 no.jpg,0,0,0,1,1,1,0.1323693096637725,0.0181830003857612,0,0
D:\IMAGE COMPRESSION PROJECT\brain_tumor_dataset\no\26 no.jpg,D:\IMAGE COMPRESSION PROJECT\output\processed_datasets\light\no\26 no.jpg,0,0,0,1,1,1,0.0211453158408403,0.1081921681761741,0,0
D:\IMAGE COMPRESSION PROJECT\brain_tumor_dataset\no\27 no.jpg,D:\IMAGE COMPRESSION PROJECT\output\processed_datasets\light\no\27 no.jpg,0,0,0,1,1,1,0.0548717826604843,0.0940538495779037,0,0
D:\IMAGE COMPRESSION PROJECT\brain_tumor_dataset\no\28 no.jpg,D:\IMAGE COMPRESSION PROJECT\output\processed_datasets\light\no\28 no.jpg,0,0,0,1,1,1,0.1540124118328094,0.2559192776679992,0,0
D:\IMAGE COMPRESSION PROJECT\brain_tumor_dataset\no\29 no.jpg,D:\IMAGE COMPRESSION PROJECT\output\processed_datasets\light\no\29 no.jpg,0,0,0,1,1,1,0.0077271652407944,0.0312019251286983,0,0
D:\IMAGE COMPRESSION PROJECT\brain_tumor_dataset\no\3 no.jpg,D:\IMAGE COMPRESSION PROJECT\output\processed_datasets\light\no\3 no.jpg,0,0,0,1,1,1,0.1633611172437667,0.3212382793426513,0,0
D:\IMAGE COMPRESSION PROJECT\brain_tumor_dataset\no\30 no.jpg,D:\IMAGE COMPRESSION PROJECT\output\processed_datasets\light\no\30 no.jpg,0,1,0,0,1,0,0.586078941822052,0.3788185119628906,0,0
D:\IMAGE COMPRESSION PROJECT\brain_tumor_dataset\no\31 no.jpg,D:\IMAGE COMPRESSION PROJECT\output\processed_datasets\light\no\31 no.jpg,0,0,0,1,1,1,0.0069474689662456,0.0862675681710243,0,0
D:\IMAGE COMPRESSION PROJECT\brain_tumor_dataset\no\32 no.jpg,D:\IMAGE COMPRESSION PROJECT\output\processed_datasets\light\no\32 no.jpg,0,0,0,1,1,1,0.0496437586843967,0.1625555157661438,0,0
D:\IMAGE COMPRESSION PROJECT\brain_tumor_dataset\no\33 no.jpg,D:\IMAGE COMPRESSION PROJECT\output\processed_datasets\light\no\33 no.jpg,0,0,0,1,1,1,0.0124673126265406,0.0793699473142623,0,0
D:\IMAGE COMPRESSION PROJECT\brain_tumor_dataset\no\34 no.jpg,D:\IMAGE COMPRESSION PROJECT\output\processed_datasets\light\no\34 no.jpg,0,0,0,1,1,1,0.0398140326142311,0.1000500917434692,0,0
D:\IMAGE COMPRESSION PROJECT\brain_tumor_dataset\no\35 no.jpg,D:\IMAGE COMPRESSION PROJECT\output\processed_datasets\light\no\35 no.jpg,0,0,0,1,1,1,0.2317776083946228,0.0994614511728286,0,0
D:\IMAGE COMPRESSION PROJECT\brain_tumor_dataset\no\36 no.jpg,D:\IMAGE COMPRESSION PROJECT\output\processed_datasets\light\no\36 no.jpg,0,0,0,1,1,1,0.3314806520938873,0.4638412296772003,0,0
D:\IMAGE COMPRESSION PROJECT\brain_tumor_dataset\no\37 no.jpg,D:\IMAGE COMPRESSION PROJECT\output\processed_datasets\light\no\37 no.jpg,0,0,0,1,1,1,0.0054174670949578,0.0056201694533228,0,0
D:\IMAGE COMPRESSION PROJECT\brain_tumor_dataset\no\38 no.jpg,D:\IMAGE COMPRESSION PROJECT\output\processed_datasets\light\no\38 no.jpg,0,0,1,1,0,0,0.0438873097300529,0.5360957384109497,0,0
D:\IMAGE COMPRESSION PROJECT\brain_tumor_dataset\no\39 no.jpg,D:\IMAGE COMPRESSION PROJECT\output\processed_datasets\light\no\39 no.jpg,0,0,0,1,1,1,0.0081047434359788,0.060518741607666,0,0
D:\IMAGE COMPRESSION PROJECT\brain_tumor_dataset\no\4 no.jpg,D:\IMAGE COMPRESSION PROJECT\output\processed_datasets\light\no\4 no.jpg,0,0,0,1,1,1,0.0943662673234939,0.3143737018108368,0,0
D:\IMAGE COMPRESSION PROJECT\brain_tumor_dataset\no\40 no.jpg,D:\IMAGE COMPRESSION PROJECT\output\processed_datasets\light\no\40 no.jpg,0,0,0,1,1,1,0.0852376371622085,0.0881641283631324,0,0
D:\IMAGE COMPRESSION PROJECT\brain_tumor_dataset\no\41 no.jpg,D:\IMAGE COMPRESSION PROJECT\output\processed_datasets\light\no\41 no.jpg,0,0,0,1,1,1,0.0852376371622085,0.0881641283631324,0,0
D:\IMAGE COMPRESSION PROJECT\brain_tumor_dataset\no\42 no.jpg,D:\IMAGE COMPRESSION PROJECT\output\processed_datasets\light\no\42 no.jpg,0,0,0,1,1,1,0.0012319472152739,0.001961023081094,0,0
D:\IMAGE COMPRESSION PROJECT\brain_tumor_dataset\no\43 no.jpg,D:\IMAGE COMPRESSION PROJECT\output\processed_datasets\light\no\43 no.jpg,0,0,0,1,1,1,0.0235018506646156,0.0185026545077562,0,0
D:\IMAGE COMPRESSION PROJECT\brain_tumor_dataset\no\44no.jpg,D:\IMAGE COMPRESSION PROJECT\output\processed_datasets\light\no\44no.jpg,0,0,0,1,1,1,0.2102202475070953,0.1331202089786529,0,0
D:\IMAGE COMPRESSION PROJECT\brain_tumor_dataset\no\45 no.jpg,D:\IMAGE COMPRESSION PROJECT\output\processed_datasets\light\no\45 no.jpg,0,1,0,0,1,0,0.6211099028587341,0.1773554235696792,0,0
D:\IMAGE COMPRESSION PROJECT\brain_tumor_dataset\no\46 no.jpg,D:\IMAGE COMPRESSION PROJECT\output\processed_datasets\light\no\46 no.jpg,0,0,0,1,1,1,0.0665816217660904,0.0666887834668159,0,0
D:\IMAGE COMPRESSION PROJECT\brain_tumor_dataset\no\47 no.jpg,D:\IMAGE COMPRESSION PROJECT\output\processed_datasets\light\no\47 no.jpg,0,0,0,1,1,1,0.0894976481795311,0.4093598425388336,0,0
D:\IMAGE COMPRESSION PROJECT\brain_tumor_dataset\no\48 no.jpeg,D:\IMAGE COMPRESSION PROJECT\output\processed_datasets\light\no\48 no.jpg,0,0,0,1,1,1,0.0070295999757945,0.0094759864732623,0,0
D:\IMAGE COMPRESSION PROJECT\brain_tumor_dataset\no\49 no.jpg,D:\IMAGE COMPRESSION PROJECT\output\processed_datasets\light\no\49 no.jpg,0,0,0,1,1,1,0.0086912717670202,0.0824269652366638,0,0
D:\IMAGE COMPRESSION PROJECT\brain_tumor_dataset\no\5 no.jpg,D:\IMAGE COMPRESSION PROJECT\output\processed_datasets\light\no\5 no.jpg,0,0,0,1,1,1,0.0084696551784873,0.0519745871424675,0,0
D:\IMAGE COMPRESSION PROJECT\brain_tumor_dataset\no\50 no.jpg,D:\IMAGE COMPRESSION PROJECT\output\processed_datasets\light\no\50 no.jpg,0,0,1,1,0,0,0.3503656685352325,0.6615003943443298,0,0
D:\IMAGE COMPRESSION PROJECT\brain_tumor_dataset\no\6 no.jpg,D:\IMAGE COMPRESSION PROJECT\output\processed_datasets\light\no\6 no.jpg,0,0,0,1,1,1,0.068828210234642,0.078405313193798,0,0
D:\IMAGE COMPRESSION PROJECT\brain_tumor_dataset\no\7 no.jpg,D:\IMAGE COMPRESSION PROJECT\output\processed_datasets\light\no\7 no.jpg,0,0,0,1,1,1,0.3315606415271759,0.2993649542331695,0,0
D:\IMAGE COMPRESSION PROJECT\brain_tumor_dataset\no\8 no.jpg,D:\IMAGE COMPRESSION PROJECT\output\processed_datasets\light\no\8 no.jpg,0,0,1,1,0,0,0.0438873097300529,0.5360957384109497,0,0
D:\IMAGE COMPRESSION PROJECT\brain_tumor_dataset\no\9 no.jpg,D:\IMAGE COMPRESSION PROJECT\output\processed_datasets\light\no\9 no.jpg,0,0,0,1,1,1,0.0531448684632778,0.0697888061404228,0,0
D:\IMAGE COMPRESSION PROJECT\brain_tumor_dataset\no\N1.JPG,D:\IMAGE COMPRESSION PROJECT\output\processed_datasets\light\no\N1.jpg,0,1,1,0,0,1,0.7342265248298645,0.9214428067207336,0,0
D:\IMAGE COMPRESSION PROJECT\brain_tumor_dataset\no\N11.jpg,D:\IMAGE COMPRESSION PROJECT\output\processed_datasets\light\no\N11.jpg,0,0,0,1,1,1,0.2906080186367035,0.3182710707187652,0,0
D:\IMAGE COMPRESSION PROJECT\brain_tumor_dataset\no\N15.jpg,D:\IMAGE COMPRESSION PROJECT\output\processed_datasets\light\no\N15.jpg,0,1,0,0,1,0,0.5451692938804626,0.265898048877716,0,0
D:\IMAGE COMPRESSION PROJECT\brain_tumor_dataset\no\N16.jpg,D:\IMAGE COMPRESSION PROJECT\output\processed_datasets\light\no\N16.jpg,0,0,1,1,0,0,0.2126752734184265,0.5950806140899658,0,0
D:\IMAGE COMPRESSION PROJECT\brain_tumor_dataset\no\N17.jpg,D:\IMAGE COMPRESSION PROJECT\output\processed_datasets\light\no\N17.jpg,0,0,1,1,0,0,0.3567900955677032,0.5391356348991394,0,0
D:\IMAGE COMPRESSION PROJECT\brain_tumor_dataset\no\N19.JPG,D:\IMAGE COMPRESSION PROJECT\output\processed_datasets\light\no\N19.jpg,0,0,0,1,1,1,0.0747714266180992,0.1381082236766815,0,0
D:\IMAGE COMPRESSION PROJECT\brain_tumor_dataset\no\N2.JPG,D:\IMAGE COMPRESSION PROJECT\output\processed_datasets\light\no\N2.jpg,0,0,0,1,1,1,0.0266043171286582,0.0317277647554874,0,0
D:\IMAGE COMPRESSION PROJECT\brain_tumor_dataset\no\N20.JPG,D:\IMAGE COMPRESSION PROJECT\output\processed_datasets\light\no\N20.jpg,0,0,0,1,1,1,0.1144123524427414,0.1627594083547592,0,0
D:\IMAGE COMPRESSION PROJECT\brain_tumor_dataset\no\N21.jpg,D:\IMAGE COMPRESSION PROJECT\output\processed_datasets\light\no\N21.jpg,0,0,0,1,1,1,0.0194190982729196,0.0198120214045047,0,0
D:\IMAGE COMPRESSION PROJECT\brain_tumor_dataset\no\N22.JPG,D:\IMAGE COMPRESSION PROJECT\output\processed_datasets\light\no\N22.jpg,0,0,0,1,1,1,0.0945634022355079,0.1661006808280944,0,0
D:\IMAGE COMPRESSION PROJECT\brain_tumor_dataset\no\N26.JPG,D:\IMAGE COMPRESSION PROJECT\output\processed_datasets\light\no\N26.jpg,0,0,0,1,1,1,0.0759579986333847,0.0727647766470909,0,0
D:\IMAGE COMPRESSION PROJECT\brain_tumor_dataset\no\N3.jpg,D:\IMAGE COMPRESSION PROJECT\output\processed_datasets\light\no\N3.jpg,0,0,0,1,1,1,0.0548506714403629,0.3761266469955444,0,0
D:\IMAGE COMPRESSION PROJECT\brain_tumor_dataset\no\N5.jpg,D:\IMAGE COMPRESSION PROJECT\output\processed_datasets\light\no\N5.jpg,0,0,0,1,1,1,0.0943662673234939,0.3143737018108368,0,0
D:\IMAGE COMPRESSION PROJECT\brain_tumor_dataset\no\N6.jpg,D:\IMAGE COMPRESSION PROJECT\output\processed_datasets\light\no\N6.jpg,0,0,1,1,0,0,0.4663185775279999,0.6951093673706055,0,0
D:\IMAGE COMPRESSION PROJECT\brain_tumor_dataset\no\no 1.jpg,D:\IMAGE COMPRESSION PROJECT\output\processed_datasets\light\no\no 1.jpg,0,0,0,1,1,1,0.0086912717670202,0.0824269652366638,0,0
D:\IMAGE COMPRESSION PROJECT\brain_tumor_dataset\no\no 10.jpg,D:\IMAGE COMPRESSION PROJECT\output\processed_datasets\light\no\no 10.jpg,0,0,0,1,1,1,0.0236966572701931,0.0185386855155229,0,0
D:\IMAGE COMPRESSION PROJECT\brain_tumor_dataset\no\no 100.jpg,D:\IMAGE COMPRESSION PROJECT\output\processed_datasets\light\no\no 100.jpg,0,0,1,1,0,0,0.1447752118110656,0.6085277795791626,0,0
D:\IMAGE COMPRESSION PROJECT\brain_tumor_dataset\no\no 2.jpg,D:\IMAGE COMPRESSION PROJECT\output\processed_datasets\light\no\no 2.jpg,0,0,0,1,1,1,0.0220125988125801,0.0569751895964145,0,0
D:\IMAGE COMPRESSION PROJECT\brain_tumor_dataset\no\no 3.jpg,D:\IMAGE COMPRESSION PROJECT\output\processed_datasets\light\no\no 3.jpg,0,0,0,1,1,1,0.179400160908699,0.3980455696582794,0,0
D:\IMAGE COMPRESSION PROJECT\brain_tumor_dataset\no\no 4.jpg,D:\IMAGE COMPRESSION PROJECT\output\processed_datasets\light\no\no 4.jpg,0,0,0,1,1,1,0.0548506714403629,0.3761266469955444,0,0
D:\IMAGE COMPRESSION PROJECT\brain_tumor_dataset\no\no 5.jpeg,D:\IMAGE COMPRESSION PROJECT\output\processed_datasets\light\no\no 5.jpg,0,0,1,1,0,0,0.2824477255344391,0.956135392189026,0,0
D:\IMAGE COMPRESSION PROJECT\brain_tumor_dataset\no\no 6.jpg,D:\IMAGE COMPRESSION PROJECT\output\processed_datasets\light\no\no 6.jpg,0,0,0,1,1,1,0.302430659532547,0.3760481178760528,0,0
D:\IMAGE COMPRESSION PROJECT\brain_tumor_dataset\no\no 7.jpeg,D:\IMAGE COMPRESSION PROJECT\output\processed_datasets\light\no\no 7.jpg,0,0,0,1,1,1,0.0057616671547293,0.0184113774448633,0,0
D:\IMAGE COMPRESSION PROJECT\brain_tumor_dataset\no\no 8.jpg,D:\IMAGE COMPRESSION PROJECT\output\processed_datasets\light\no\no 8.jpg,0,0,0,1,1,1,0.0010311616351827,0.0014814091846346,0,0
D:\IMAGE COMPRESSION PROJECT\brain_tumor_dataset\no\no 89.jpg,D:\IMAGE COMPRESSION PROJECT\output\processed_datasets\light\no\no 89.jpg,0,0,0,1,1,1,0.0077833011746406,0.0132437925785779,0,0
D:\IMAGE COMPRESSION PROJECT\brain_tumor_dataset\no\no 9.png,D:\IMAGE COMPRESSION PROJECT\output\processed_datasets\light\no\no 9.jpg,0,0,0,1,1,1,0.0064182002097368,0.0051589328795671,0,0
D:\IMAGE COMPRESSION PROJECT\brain_tumor_dataset\no\no 90.jpg,D:\IMAGE COMPRESSION PROJECT\output\processed_datasets\light\no\no 90.jpg,0,0,0,1,1,1,0.058468148112297,0.0226081684231758,0,0
D:\IMAGE COMPRESSION PROJECT\brain_tumor_dataset\no\no 91.jpeg,D:\IMAGE COMPRESSION PROJECT\output\processed_datasets\light\no\no 91.jpg,0,0,0,1,1,1,0.0196773167699575,0.1547043621540069,0,0
D:\IMAGE COMPRESSION PROJECT\brain_tumor_dataset\no\no 92.jpg,D:\IMAGE COMPRESSION PROJECT\output\processed_datasets\light\no\no 92.jpg,0,0,1,1,0,0,0.0316484197974205,0.5578608512878418,0,0
D:\IMAGE COMPRESSION PROJECT\brain_tumor_dataset\no\no 923.jpg,D:\IMAGE COMPRESSION PROJECT\output\processed_datasets\light\no\no 923.jpg,0,0,1,1,0,0,0.0769785121083259,0.5422635674476624,0,0
D:\IMAGE COMPRESSION PROJECT\brain_tumor_dataset\no\no 94.jpg,D:\IMAGE COMPRESSION PROJECT\output\processed_datasets\light\no\no 94.jpg,0,0,0,1,1,1,0.0041247047483921,0.070782221853733,0,0
D:\IMAGE COMPRESSION PROJECT\brain_tumor_dataset\no\no 95.jpg,D:\IMAGE COMPRESSION PROJECT\output\processed_datasets\light\no\no 95.jpg,0,1,1,0,0,1,0.5904130935668945,0.6815568208694458,0,0
D:\IMAGE COMPRESSION PROJECT\brain_tumor_dataset\no\no 96.jpg,D:\IMAGE COMPRESSION PROJECT\output\processed_datasets\light\no\no 96.jpg,0,0,1,1,0,0,0.0985758975148201,0.5981549024581909,0,0
D:\IMAGE COMPRESSION PROJECT\brain_tumor_dataset\no\no 97.jpg,D:\IMAGE COMPRESSION PROJECT\output\processed_datasets\light\no\no 97.jpg,0,0,0,1,1,1,0.0041007488034665,0.0362008474767208,0,0
D:\IMAGE COMPRESSION PROJECT\brain_tumor_dataset\no\no 98.jpg,D:\IMAGE COMPRESSION PROJECT\output\processed_datasets\light\no\no 98.jpg,0,0,0,1,1,1,0.012054949067533,0.0127671482041478,0,0
D:\IMAGE COMPRESSION PROJECT\brain_tumor_dataset\no\no 99.jpg,D:\IMAGE COMPRESSION PROJECT\output\processed_datasets\light\no\no 99.jpg,0,0,0,1,1,1,0.0123258214443922,0.0194428022950887,0,0
D:\IMAGE COMPRESSION PROJECT\brain_tumor_dataset\no\no.jpg,D:\IMAGE COMPRESSION PROJECT\output\processed_datasets\light\no\no.jpg,0,0,0,1,1,1,0.0802187100052833,0.2448001503944397,0,0
D:\IMAGE COMPRESSION PROJECT\brain_tumor_dataset\no\No11.jpg,D:\IMAGE COMPRESSION PROJECT\output\processed_datasets\light\no\No11.jpg,0,0,0,1,1,1,0.0057616671547293,0.0184113774448633,0,0
D:\IMAGE COMPRESSION PROJECT\brain_tumor_dataset\no\No12.jpg,D:\IMAGE COMPRESSION PROJECT\output\processed_datasets\light\no\No12.jpg,0,0,0,1,1,1,0.2691668570041656,0.3369960486888885,0,0
D:\IMAGE COMPRESSION PROJECT\brain_tumor_dataset\no\No13.jpg,D:\IMAGE COMPRESSION PROJECT\output\processed_datasets\light\no\No13.jpg,0,0,0,1,1,1,0.0152835892513394,0.0046533211134374,0,0
D:\IMAGE COMPRESSION PROJECT\brain_tumor_dataset\no\No14.jpg,D:\IMAGE COMPRESSION PROJECT\output\processed_datasets\light\no\No14.jpg,0,0,0,1,1,1,0.1432059556245803,0.4165939688682556,0,0
D:\IMAGE COMPRESSION PROJECT\brain_tumor_dataset\no\No15.jpg,D:\IMAGE COMPRESSION PROJECT\output\processed_datasets\light\no\No15.jpg,0,0,0,1,1,1,0.0846108943223953,0.2622134983539581,0,0
D:\IMAGE COMPRESSION PROJECT\brain_tumor_dataset\no\No16.jpg,D:\IMAGE COMPRESSION PROJECT\output\processed_datasets\light\no\No16.jpg,0,0,0,1,1,1,0.0016275398666039,0.0034335122909396,0,0
D:\IMAGE COMPRESSION PROJECT\brain_tumor_dataset\no\No17.jpg,D:\IMAGE COMPRESSION PROJECT\output\processed_datasets\light\no\No17.jpg,0,0,0,1,1,1,0.0846108943223953,0.2622134983539581,0,0
D:\IMAGE COMPRESSION PROJECT\brain_tumor_dataset\no\No18.jpg,D:\IMAGE COMPRESSION PROJECT\output\processed_datasets\light\no\No18.jpg,0,0,0,1,1,1,0.001058007357642,0.0057636993005871,0,0
D:\IMAGE COMPRESSION PROJECT\brain_tumor_dataset\no\No19.jpg,D:\IMAGE COMPRESSION PROJECT\output\processed_datasets\light\no\No19.jpg,0,0,0,1,1,1,0.0071075214073061,0.0255949404090642,0,0
D:\IMAGE COMPRESSION PROJECT\brain_tumor_dataset\no\No20.jpg,D:\IMAGE COMPRESSION PROJECT\output\processed_datasets\light\no\No20.jpg,0,0,1,1,0,0,0.3283174335956573,0.7688397169113159,0,0
D:\IMAGE COMPRESSION PROJECT\brain_tumor_dataset\no\No21.jpg,D:\IMAGE COMPRESSION PROJECT\output\processed_datasets\light\no\No21.jpg,0,0,0,1,1,1,0.0086024515330791,0.0457952320575714,0,0
D:\IMAGE COMPRESSION PROJECT\brain_tumor_dataset\no\No22.jpg,D:\IMAGE COMPRESSION PROJECT\output\processed_datasets\light\no\No22.jpg,0,0,0,1,1,1,0.0609303526580333,0.2705318927764892,0,0
D:\IMAGE COMPRESSION PROJECT\brain_tumor_dataset\yes\Y1.jpg,D:\IMAGE COMPRESSION PROJECT\output\processed_datasets\light\yes\Y1.jpg,1,1,1,1,1,1,0.9988903403282166,0.9949969053268432,0,0
D:\IMAGE COMPRESSION PROJECT\brain_tumor_dataset\yes\Y10.jpg,D:\IMAGE COMPRESSION PROJECT\output\processed_datasets\light\yes\Y10.jpg,1,1,1,1,1,1,0.9981866478919984,0.9860646724700928,0,0
D:\IMAGE COMPRESSION PROJECT\brain_tumor_dataset\yes\Y100.JPG,D:\IMAGE COMPRESSION PROJECT\output\processed_datasets\light\yes\Y100.jpg,1,1,1,1,1,1,0.9852908849716188,0.9422542452812196,0,0
D:\IMAGE COMPRESSION PROJECT\brain_tumor_dataset\yes\Y101.jpg,D:\IMAGE COMPRESSION PROJECT\output\processed_datasets\light\yes\Y101.jpg,1,1,1,1,1,1,0.9126809239387512,0.8737704753875732,0,0
D:\IMAGE COMPRESSION PROJECT\brain_tumor_dataset\yes\Y102.jpg,D:\IMAGE COMPRESSION PROJECT\output\processed_datasets\light\yes\Y102.jpg,1,1,1,1,1,1,0.9962032437324524,0.9808434844017028,0,0
D:\IMAGE COMPRESSION PROJECT\brain_tumor_dataset\yes\Y103.jpg,D:\IMAGE COMPRESSION PROJECT\output\processed_datasets\light\yes\Y103.jpg,1,1,1,1,1,1,0.9997524619102478,0.9994434714317322,0,0
D:\IMAGE COMPRESSION PROJECT\brain_tumor_dataset\yes\Y104.jpg,D:\IMAGE COMPRESSION PROJECT\output\processed_datasets\light\yes\Y104.jpg,1,1,1,1,1,1,0.9901913404464722,0.997602880001068,0,0
D:\IMAGE COMPRESSION PROJECT\brain_tumor_dataset\yes\Y105.jpg,D:\IMAGE COMPRESSION PROJECT\output\processed_datasets\light\yes\Y105.jpg,1,1,1,1,1,1,0.9999815225601196,0.9994708895683287,0,0
D:\IMAGE COMPRESSION PROJECT\brain_tumor_dataset\yes\Y106.jpg,D:\IMAGE COMPRESSION PROJECT\output\processed_datasets\light\yes\Y106.jpg,1,1,1,1,1,1,0.9992616772651672,0.999179184436798,0,0
D:\IMAGE COMPRESSION PROJECT\brain_tumor_dataset\yes\Y107.jpg,D:\IMAGE COMPRESSION PROJECT\output\processed_datasets\light\yes\Y107.jpg,1,1,1,1,1,1,0.9951855540275574,0.9305614829063416,0,0
D:\IMAGE COMPRESSION PROJECT\brain_tumor_dataset\yes\Y108.jpg,D:\IMAGE COMPRESSION PROJECT\output\processed_datasets\light\yes\Y108.jpg,1,1,1,1,1,1,0.9981027245521544,0.9979581832885742,0,0
D:\IMAGE COMPRESSION PROJECT\brain_tumor_dataset\yes\Y109.JPG,D:\IMAGE COMPRESSION PROJECT\output\processed_datasets\light\yes\Y109.jpg,1,1,1,1,1,1,0.9727368354797364,0.9543803334236144,0,0
D:\IMAGE COMPRESSION PROJECT\brain_tumor_dataset\yes\Y11.jpg,D:\IMAGE COMPRESSION PROJECT\output\processed_datasets\light\yes\Y11.jpg,1,1,1,1,1,1,0.9947065711021424,0.9855632781982422,0,0
D:\IMAGE COMPRESSION PROJECT\brain_tumor_dataset\yes\Y111.JPG,D:\IMAGE COMPRESSION PROJECT\output\processed_datasets\light\yes\Y111.jpg,1,1,1,1,1,1,0.9969761371612548,0.9935746788978576,0,0
D:\IMAGE COMPRESSION PROJECT\brain_tumor_dataset\yes\Y112.JPG,D:\IMAGE COMPRESSION PROJECT\output\processed_datasets\light\yes\Y112.jpg,1,1,1,1,1,1,0.997556447982788,0.9956722259521484,0,0
D:\IMAGE COMPRESSION PROJECT\brain_tumor_dataset\yes\Y113.JPG,D:\IMAGE COMPRESSION PROJECT\output\processed_datasets\light\yes\Y113.jpg,1,1,1,1,1,1,0.8756375908851624,0.6619963049888611,0,0
D:\IMAGE COMPRESSION PROJECT\brain_tumor_dataset\yes\Y114.JPG,D:\IMAGE COMPRESSION PROJECT\output\processed_datasets\light\yes\Y114.jpg,1,1,1,1,1,1,0.9999765157699584,0.99952232837677,0,0
D:\IMAGE COMPRESSION PROJECT\brain_tumor_dataset\yes\Y115.JPG,D:\IMAGE COMPRESSION PROJECT\output\processed_datasets\light\yes\Y115.jpg,1,1,1,1,1,1,0.7151981592178345,0.781503438949585,0,0
D:\IMAGE COMPRESSION PROJECT\brain_tumor_dataset\yes\Y116.JPG,D:\IMAGE COMPRESSION PROJECT\output\processed_datasets\light\yes\Y116.jpg,1,1,1,1,1,1,0.9845312833786012,0.9426957368850708,0,0
D:\IMAGE COMPRESSION PROJECT\brain_tumor_dataset\yes\Y117.JPG,D:\IMAGE COMPRESSION PROJECT\output\processed_datasets\light\yes\Y117.jpg,1,1,1,1,1,1,0.9967769980430604,0.9528793692588806,0,0
D:\IMAGE COMPRESSION PROJECT\brain_tumor_dataset\yes\Y12.jpg,D:\IMAGE COMPRESSION PROJECT\output\processed_datasets\light\yes\Y12.jpg,1,1,1,1,1,1,0.9990309476852416,0.9958645105361938,0,0
D:\IMAGE COMPRESSION PROJECT\brain_tumor_dataset\yes\Y120.JPG,D:\IMAGE COMPRESSION PROJECT\output\processed_datasets\light\yes\Y120.jpg,1,1,1,1,1,1,0.8126003742218018,0.9673203825950624,0,0
D:\IMAGE COMPRESSION PROJECT\brain_tumor_dataset\yes\Y13.jpg,D:\IMAGE COMPRESSION PROJECT\output\processed_datasets\light\yes\Y13.jpg,1,1,1,1,1,1,0.9991808533668518,0.9981589913368224,0,0
D:\IMAGE COMPRESSION PROJECT\brain_tumor_dataset\yes\Y14.jpg,D:\IMAGE COMPRESSION PROJECT\output\processed_datasets\light\yes\Y14.jpg,1,1,1,1,1,1,0.9996235370635986,0.9984040856361388,0,0
D:\IMAGE COMPRESSION PROJECT\brain_tumor_dataset\yes\Y146.JPG,D:\IMAGE COMPRESSION PROJECT\output\processed_datasets\light\yes\Y146.jpg,1,1,1,1,1,1,0.9971877932548524,0.9799006581306458,0,0
D:\IMAGE COMPRESSION PROJECT\brain_tumor_dataset\yes\Y147.JPG,D:\IMAGE COMPRESSION PROJECT\output\processed_datasets\light\yes\Y147.jpg,1,1,1,1,1,1,0.9968948364257812,0.9968132376670836,0,0
D:\IMAGE COMPRESSION PROJECT\brain_tumor_dataset\yes\Y148.JPG,D:\IMAGE COMPRESSION PROJECT\output\processed_datasets\light\yes\Y148.jpg,1,1,1,1,1,1,0.9984251260757446,0.9949966669082642,0,0
D:\IMAGE COMPRESSION PROJECT\brain_tumor_dataset\yes\Y15.jpg,D:\IMAGE COMPRESSION PROJECT\output\processed_datasets\light\yes\Y15.jpg,1,1,1,1,1,1,0.983880579471588,0.970244288444519,0,0
D:\IMAGE COMPRESSION PROJECT\brain_tumor_dataset\yes\Y153.jpg,D:\IMAGE COMPRESSION PROJECT\output\processed_datasets\light\yes\Y153.jpg,1,1,1,1,1,1,0.9999799728393556,0.9991573095321656,0,0
D:\IMAGE COMPRESSION PROJECT\brain_tumor_dataset\yes\Y154.jpg,D:\IMAGE COMPRESSION PROJECT\output\processed_datasets\light\yes\Y154.jpg,1,1,1,1,1,1,0.9998528957366944,0.9999523162841796,0,0
D:\IMAGE COMPRESSION PROJECT\brain_tumor_dataset\yes\Y155.JPG,D:\IMAGE COMPRESSION PROJECT\output\processed_datasets\light\yes\Y155.jpg,1,1,1,1,1,1,0.9990129470825196,0.9978693723678588,0,0
D:\IMAGE COMPRESSION PROJECT\brain_tumor_dataset\yes\Y156.JPG,D:\IMAGE COMPRESSION PROJECT\output\processed_datasets\light\yes\Y156.jpg,1,1,1,1,1,1,0.9992653727531432,0.9943892359733582,0,0
D:\IMAGE COMPRESSION PROJECT\brain_tumor_dataset\yes\Y157.JPG,D:\IMAGE COMPRESSION PROJECT\output\processed_datasets\light\yes\Y157.jpg,1,1,1,1,1,1,0.9968494772911072,0.9966625571250916,0,0
D:\IMAGE COMPRESSION PROJECT\brain_tumor_dataset\yes\Y158.JPG,D:\IMAGE COMPRESSION PROJECT\output\processed_datasets\light\yes\Y158.jpg,1,1,1,1,1,1,0.9532489776611328,0.8649880290031433,0,0
D:\IMAGE COMPRESSION PROJECT\brain_tumor_dataset\yes\Y159.JPG,D:\IMAGE COMPRESSION PROJECT\output\processed_datasets\light\yes\Y159.jpg,1,1,1,1,1,1,0.9939263463020324,0.9931083917617798,0,0
D:\IMAGE COMPRESSION PROJECT\brain_tumor_dataset\yes\Y16.JPG,D:\IMAGE COMPRESSION PROJECT\output\processed_datasets\light\yes\Y16.jpg,1,1,1,1,1,1,0.9983723759651184,0.9936601519584656,0,0
D:\IMAGE COMPRESSION PROJECT\brain_tumor_dataset\yes\Y160.JPG,D:\IMAGE COMPRESSION PROJECT\output\processed_datasets\light\yes\Y160.jpg,1,1,1,1,1,1,0.980565905570984,0.982236921787262,0,0
D:\IMAGE COMPRESSION PROJECT\brain_tumor_dataset\yes\Y161.JPG,D:\IMAGE COMPRESSION PROJECT\output\processed_datasets\light\yes\Y161.jpg,1,1,1,1,1,1,0.9987832903862,0.997639775276184,0,0
D:\IMAGE COMPRESSION PROJECT\brain_tumor_dataset\yes\Y162.jpg,D:\IMAGE COMPRESSION PROJECT\output\processed_datasets\light\yes\Y162.jpg,1,1,1,1,1,1,0.9981027245521544,0.9979581832885742,0,0
D:\IMAGE COMPRESSION PROJECT\brain_tumor_dataset\yes\Y163.JPG,D:\IMAGE COMPRESSION PROJECT\output\processed_datasets\light\yes\Y163.jpg,1,1,1,1,1,1,0.9951300621032716,0.9868250489234924,0,0
D:\IMAGE COMPRESSION PROJECT\brain_tumor_dataset\yes\Y164.JPG,D:\IMAGE COMPRESSION PROJECT\output\processed_datasets\light\yes\Y164.jpg,1,1,1,1,1,1,0.9985950589179992,0.99944669008255,0,0
D:\IMAGE COMPRESSION PROJECT\brain_tumor_dataset\yes\Y165.JPG,D:\IMAGE COMPRESSION PROJECT\output\processed_datasets\light\yes\Y165.jpg,1,1,1,1,1,1,0.8969117999076843,0.9323842525482178,0,0
D:\IMAGE COMPRESSION PROJECT\brain_tumor_dataset\yes\Y166.JPG,D:\IMAGE COMPRESSION PROJECT\output\processed_datasets\light\yes\Y166.jpg,1,1,1,1,1,1,0.9746624827384948,0.962519645690918,0,0
D:\IMAGE COMPRESSION PROJECT\brain_tumor_dataset\yes\Y167.JPG,D:\IMAGE COMPRESSION PROJECT\output\processed_datasets\light\yes\Y167.jpg,1,1,1,1,1,1,0.763741672039032,0.7879357933998108,0,0
D:\IMAGE COMPRESSION PROJECT\brain_tumor_dataset\yes\Y168.jpg,D:\IMAGE COMPRESSION PROJECT\output\processed_datasets\light\yes\Y168.jpg,1,1,1,1,1,1,0.9569488763809204,0.9628661274909972,0,0
D:\IMAGE COMPRESSION PROJECT\brain_tumor_dataset\yes\Y169.jpg,D:\IMAGE COMPRESSION PROJECT\output\processed_datasets\light\yes\Y169.jpg,1,1,1,1,1,1,0.9991808533668518,0.9981589913368224,0,0
D:\IMAGE COMPRESSION PROJECT\brain_tumor_dataset\yes\Y17.jpg,D:\IMAGE COMPRESSION PROJECT\output\processed_datasets\light\yes\Y17.jpg,1,1,1,1,1,1,0.9996235370635986,0.9984040856361388,0,0
D:\IMAGE COMPRESSION PROJECT\brain_tumor_dataset\yes\Y170.JPG,D:\IMAGE COMPRESSION PROJECT\output\processed_datasets\light\yes\Y170.jpg,1,1,1,1,1,1,0.9720630049705504,0.9873884916305542,0,0
D:\IMAGE COMPRESSION PROJECT\brain_tumor_dataset\yes\Y18.JPG,D:\IMAGE COMPRESSION PROJECT\output\processed_datasets\light\yes\Y18.jpg,1,1,1,1,1,1,0.9954535961151124,0.9768216013908386,0,0
D:\IMAGE COMPRESSION PROJECT\brain_tumor_dataset\yes\Y180.jpg,D:\IMAGE COMPRESSION PROJECT\output\processed_datasets\light\yes\Y180.jpg,1,1,1,1,1,1,0.9858632683753968,0.9980588555336,0,0
D:\IMAGE COMPRESSION PROJECT\brain_tumor_dataset\yes\Y181.jpg,D:\IMAGE COMPRESSION PROJECT\output\processed_datasets\light\yes\Y181.jpg,1,1,1,1,1,1,0.983880579471588,0.970244288444519,0,0
D:\IMAGE COMPRESSION PROJECT\brain_tumor_dataset\yes\Y182.JPG,D:\IMAGE COMPRESSION PROJECT\output\processed_datasets\light\yes\Y182.jpg,1,1,1,1,1,1,0.9985349178314208,0.9982012510299684,0,0
D:\IMAGE COMPRESSION PROJECT\brain_tumor_dataset\yes\Y183.jpg,D:\IMAGE COMPRESSION PROJECT\output\processed_datasets\light\yes\Y183.jpg,1,1,1,1,1,1,0.9981162548065186,0.9988282322883606,0,0
D:\IMAGE COMPRESSION PROJECT\brain_tumor_dataset\yes\Y184.JPG,D:\IMAGE COMPRESSION PROJECT\output\processed_datasets\light\yes\Y184.jpg,1,1,1,1,1,1,0.9959123730659484,0.9950361847877502,0,0
D:\IMAGE COMPRESSION PROJECT\brain_tumor_dataset\yes\Y185.jpg,D:\IMAGE COMPRESSION PROJECT\output\processed_datasets\light\yes\Y185.jpg,1,1,1,1,1,1,0.9959087371826172,0.961139440536499,0,0
D:\IMAGE COMPRESSION PROJECT\brain_tumor_dataset\yes\Y186.jpg,D:\IMAGE COMPRESSION PROJECT\output\processed_datasets\light\yes\Y186.jpg,1,1,1,1,1,1,0.8936526775360107,0.9103600382804872,0,0
D:\IMAGE COMPRESSION PROJECT\brain_tumor_dataset\yes\Y187.jpg,D:\IMAGE COMPRESSION PROJECT\output\processed_datasets\light\yes\Y187.jpg,1,1,1,1,1,1,0.9212709665298462,0.575400710105896,0,0
D:\IMAGE COMPRESSION PROJECT\brain_tumor_dataset\yes\Y188.jpg,D:\IMAGE COMPRESSION PROJECT\output\processed_datasets\light\yes\Y188.jpg,1,1,1,1,1,1,0.983227014541626,0.9877147674560548,0,0
D:\IMAGE COMPRESSION PROJECT\brain_tumor_dataset\yes\Y19.JPG,D:\IMAGE COMPRESSION PROJECT\output\processed_datasets\light\yes\Y19.jpg,1,1,1,1,1,1,0.9969695210456848,0.9942055344581604,0,0
D:\IMAGE COMPRESSION PROJECT\brain_tumor_dataset\yes\Y192.JPG,D:\IMAGE COMPRESSION PROJECT\output\processed_datasets\light\yes\Y192.jpg,1,1,1,1,1,1,0.9916535019874572,0.9934292435646056,0,0
D:\IMAGE COMPRESSION PROJECT\brain_tumor_dataset\yes\Y193.JPG,D:\IMAGE COMPRESSION PROJECT\output\processed_datasets\light\yes\Y193.jpg,1,1,1,1,1,1,0.9919087290763856,0.9895116686820984,0,0
D:\IMAGE COMPRESSION PROJECT\brain_tumor_dataset\yes\Y194.jpg,D:\IMAGE COMPRESSION PROJECT\output\processed_datasets\light\yes\Y194.jpg,1,1,1,1,1,1,0.9930474162101746,0.9922475814819336,0,0
D:\IMAGE COMPRESSION PROJECT\brain_tumor_dataset\yes\Y195.JPG,D:\IMAGE COMPRESSION PROJECT\output\processed_datasets\light\yes\Y195.jpg,1,1,1,1,1,1,0.9266119599342346,0.9565658569335938,0,0
D:\IMAGE COMPRESSION PROJECT\brain_tumor_dataset\yes\Y2.jpg,D:\IMAGE COMPRESSION PROJECT\output\processed_datasets\light\yes\Y2.jpg,1,1,1,1,1,1,0.9997512698173524,0.9981021285057068,0,0
D:\IMAGE COMPRESSION PROJECT\brain_tumor_dataset\yes\Y20.jpg,D:\IMAGE COMPRESSION PROJECT\output\processed_datasets\light\yes\Y20.jpg,1,1,1,1,1,1,0.9968895316123962,0.9747518301010132,0,0
D:\IMAGE COMPRESSION PROJECT\brain_tumor_dataset\yes\Y21.jpg,D:\IMAGE COMPRESSION PROJECT\output\processed_datasets\light\yes\Y21.jpg,1,1,1,1,1,1,0.9996157884597778,0.9985308647155762,0,0
D:\IMAGE COMPRESSION PROJECT\brain_tumor_dataset\yes\Y22.jpg,D:\IMAGE COMPRESSION PROJECT\output\processed_datasets\light\yes\Y22.jpg,1,1,1,1,1,1,0.9809356927871704,0.9022297263145448,0,0
D:\IMAGE COMPRESSION PROJECT\brain_tumor_dataset\yes\Y23.JPG,D:\IMAGE COMPRESSION PROJECT\output\processed_datasets\light\yes\Y23.jpg,1,1,1,1,1,1,0.9988141059875488,0.9962827563285828,0,0
D:\IMAGE COMPRESSION PROJECT\brain_tumor_dataset\yes\Y24.jpg,D:\IMAGE COMPRESSION PROJECT\output\processed_datasets\light\yes\Y24.jpg,1,1,1,1,1,1,0.9973012804985046,0.9964237809181212,0,0
D:\IMAGE COMPRESSION PROJECT\brain_tumor_dataset\yes\Y242.JPG,D:\IMAGE COMPRESSION PROJECT\output\processed_datasets\light\yes\Y242.jpg,1,1,1,1,1,1,0.962227702140808,0.9611243605613708,0,0
D:\IMAGE COMPRESSION PROJECT\brain_tumor_dataset\yes\Y243.JPG,D:\IMAGE COMPRESSION PROJECT\output\processed_datasets\light\yes\Y243.jpg,1,1,1,1,1,1,0.9989933371543884,0.9992567896842957,0,0
D:\IMAGE COMPRESSION PROJECT\brain_tumor_dataset\yes\Y244.JPG,D:\IMAGE COMPRESSION PROJECT\output\processed_datasets\light\yes\Y244.jpg,1,1,1,1,1,1,0.964659869670868,0.965142548084259,0,0
D:\IMAGE COMPRESSION PROJECT\brain_tumor_dataset\yes\Y245.jpg,D:\IMAGE COMPRESSION PROJECT\output\processed_datasets\light\yes\Y245.jpg,1,1,1,1,1,1,0.996913194656372,0.9724498391151428,0,0
D:\IMAGE COMPRESSION PROJECT\brain_tumor_dataset\yes\Y246.JPG,D:\IMAGE COMPRESSION PROJECT\output\processed_datasets\light\yes\Y246.jpg,1,1,1,1,1,1,0.9353554248809814,0.9727132320404052,0,0
D:\IMAGE COMPRESSION PROJECT\brain_tumor_dataset\yes\Y247.JPG,D:\IMAGE COMPRESSION PROJECT\output\processed_datasets\light\yes\Y247.jpg,1,1,1,1,1,1,0.8959611058235168,0.7921404838562012,0,0
D:\IMAGE COMPRESSION PROJECT\brain_tumor_dataset\yes\Y248.JPG,D:\IMAGE COMPRESSION PROJECT\output\processed_datasets\light\yes\Y248.jpg,1,1,1,1,1,1,0.9998600482940674,0.9968245029449464,0,0
D:\IMAGE COMPRESSION PROJECT\brain_tumor_dataset\yes\Y249.JPG,D:\IMAGE COMPRESSION PROJECT\output\processed_datasets\light\yes\Y249.jpg,1,1,1,1,1,1,0.9957697987556458,0.9803784489631652,0,0
D:\IMAGE COMPRESSION PROJECT\brain_tumor_dataset\yes\Y25.jpg,D:\IMAGE COMPRESSION PROJECT\output\processed_datasets\light\yes\Y25.jpg,1,1,1,1,1,1,0.996493637561798,0.9992796778678894,0,0
D:\IMAGE COMPRESSION PROJECT\brain_tumor_dataset\yes\Y250.jpg,D:\IMAGE COMPRESSION PROJECT\output\processed_datasets\light\yes\Y250.jpg,1,1,1,1,1,1,0.9970356225967408,0.9911421537399292,0,0
D:\IMAGE COMPRESSION PROJECT\brain_tumor_dataset\yes\Y251.JPG,D:\IMAGE COMPRESSION PROJECT\output\processed_datasets\light\yes\Y251.jpg,1,1,1,1,1,1,0.993591845035553,0.985803246498108,0,0
D:\IMAGE COMPRESSION PROJECT\brain_tumor_dataset\yes\Y252.jpg,D:\IMAGE COMPRESSION PROJECT\output\processed_datasets\light\yes\Y252.jpg,1,1,1,1,1,1,0.9746358394622804,0.962116241455078,0,0
D:\IMAGE COMPRESSION PROJECT\brain_tumor_dataset\yes\Y253.JPG,D:\IMAGE COMPRESSION PROJECT\output\processed_datasets\light\yes\Y253.jpg,1,1,1,1,1,1,0.9679571390151978,0.923976182937622,0,0
D:\IMAGE COMPRESSION PROJECT\brain_tumor_dataset\yes\Y254.jpg,D:\IMAGE COMPRESSION PROJECT\output\processed_datasets\light\yes\Y254.jpg,1,1,1,1,1,1,0.9988192915916444,0.9989694356918336,0,0
D:\IMAGE COMPRESSION PROJECT\brain_tumor_dataset\yes\Y255.JPG,D:\IMAGE COMPRESSION PROJECT\output\processed_datasets\light\yes\Y255.jpg,1,1,1,1,1,1,0.996994137763977,0.9944002032279968,0,0
D:\IMAGE COMPRESSION PROJECT\brain_tumor_dataset\yes\Y256.JPG,D:\IMAGE COMPRESSION PROJECT\output\processed_datasets\light\yes\Y256.jpg,1,1,1,1,1,1,0.9996812343597412,0.9979520440101624,0,0
D:\IMAGE COMPRESSION PROJECT\brain_tumor_dataset\yes\Y257.jpg,D:\IMAGE COMPRESSION PROJECT\output\processed_datasets\light\yes\Y257.jpg,1,1,1,1,1,1,0.9988024234771729,0.9937517046928406,0,0
D:\IMAGE COMPRESSION PROJECT\brain_tumor_dataset\yes\Y258.JPG,D:\IMAGE COMPRESSION PROJECT\output\processed_datasets\light\yes\Y258.jpg,1,1,1,1,1,1,0.9978476762771606,0.990830898284912,0,0
D:\IMAGE COMPRESSION PROJECT\brain_tumor_dataset\yes\Y259.JPG,D:\IMAGE COMPRESSION PROJECT\output\processed_datasets\light\yes\Y259.jpg,1,1,1,1,1,1,0.9980908036231996,0.994358241558075,0,0
D:\IMAGE COMPRESSION PROJECT\brain_tumor_dataset\yes\Y26.jpg,D:\IMAGE COMPRESSION PROJECT\output\processed_datasets\light\yes\Y26.jpg,1,1,1,1,1,1,0.9678142070770264,0.9596636295318604,0,0
D:\IMAGE COMPRESSION PROJECT\brain_tumor_dataset\yes\Y27.jpg,D:\IMAGE COMPRESSION PROJECT\output\processed_datasets\light\yes\Y27.jpg,1,1,1,1,1,1,0.9905931353569032,0.989974558353424,0,0
D:\IMAGE COMPRESSION PROJECT\brain_tumor_dataset\yes\Y28.jpg,D:\IMAGE COMPRESSION PROJECT\output\processed_datasets\light\yes\Y28.jpg,1,1,1,1,1,1,0.9997296929359436,0.9996730089187622,0,0
D:\IMAGE COMPRESSION PROJECT\brain_tumor_dataset\yes\Y29.jpg,D:\IMAGE COMPRESSION PROJECT\output\processed_datasets\light\yes\Y29.jpg,1,1,1,1,1,1,0.933639407157898,0.9333853721618652,0,0
D:\IMAGE COMPRESSION PROJECT\brain_tumor_dataset\yes\Y3.jpg,D:\IMAGE COMPRESSION PROJECT\output\processed_datasets\light\yes\Y3.jpg,1,1,1,1,1,1,0.9993196725845336,0.996614396572113,0,0
D:\IMAGE COMPRESSION PROJECT\brain_tumor_dataset\yes\Y30.jpg,D:\IMAGE COMPRESSION PROJECT\output\processed_datasets\light\yes\Y30.jpg,1,1,1,1,1,1,0.9981374740600586,0.9980024695396424,0,0
D:\IMAGE COMPRESSION PROJECT\brain_tumor_dataset\yes\Y31.jpg,D:\IMAGE COMPRESSION PROJECT\output\processed_datasets\light\yes\Y31.jpg,1,1,1,1,1,1,0.9987515211105348,0.9971524477005004,0,0
D:\IMAGE COMPRESSION PROJECT\brain_tumor_dataset\yes\Y32.jpg,D:\IMAGE COMPRESSION PROJECT\output\processed_datasets\light\yes\Y32.jpg,1,1,1,1,1,1,0.9742079973220824,0.9213685989379884,0,0
D:\IMAGE COMPRESSION PROJECT\brain_tumor_dataset\yes\Y33.jpg,D:\IMAGE COMPRESSION PROJECT\output\processed_datasets\light\yes\Y33.jpg,1,1,1,1,1,1,0.9951855540275574,0.9305614829063416,0,0
D:\IMAGE COMPRESSION PROJECT\brain_tumor_dataset\yes\Y34.jpg,D:\IMAGE COMPRESSION PROJECT\output\processed_datasets\light\yes\Y34.jpg,1,1,1,1,1,1,0.983880579471588,0.970244288444519,0,0
D:\IMAGE COMPRESSION PROJECT\brain_tumor_dataset\yes\Y35.jpg,D:\IMAGE COMPRESSION PROJECT\output\processed_datasets\light\yes\Y35.jpg,1,1,1,1,1,1,0.9996606111526488,0.9882309436798096,0,0
D:\IMAGE COMPRESSION PROJECT\brain_tumor_dataset\yes\Y36.JPG,D:\IMAGE COMPRESSION PROJECT\output\processed_datasets\light\yes\Y36.jpg,1,1,1,1,1,1,0.995989978313446,0.9817610383033752,0,0
D:\IMAGE COMPRESSION PROJECT\brain_tumor_dataset\yes\Y37.jpg,D:\IMAGE COMPRESSION PROJECT\output\processed_datasets\light\yes\Y37.jpg,1,1,1,1,1,1,0.9981866478919984,0.9860646724700928,0,0
D:\IMAGE COMPRESSION PROJECT\brain_tumor_dataset\yes\Y38.jpg,D:\IMAGE COMPRESSION PROJECT\output\processed_datasets\light\yes\Y38.jpg,1,1,1,1,1,1,0.9981374740600586,0.9980024695396424,0,0
D:\IMAGE COMPRESSION PROJECT\brain_tumor_dataset\yes\Y39.jpg,D:\IMAGE COMPRESSION PROJECT\output\processed_datasets\light\yes\Y39.jpg,1,1,1,1,1,1,0.9981379508972168,0.9966519474983216,0,0
D:\IMAGE COMPRESSION PROJECT\brain_tumor_dataset\yes\Y4.jpg,D:\IMAGE COMPRESSION PROJECT\output\processed_datasets\light\yes\Y4.jpg,1,1,1,1,1,1,0.9892622828483582,0.9297412633895874,0,0
D:\IMAGE COMPRESSION PROJECT\brain_tumor_dataset\yes\Y40.JPG,D:\IMAGE COMPRESSION PROJECT\output\processed_datasets\light\yes\Y40.jpg,1,1,1,1,1,1,0.9962691068649292,0.9933638572692872,0,0
D:\IMAGE COMPRESSION PROJECT\brain_tumor_dataset\yes\Y41.jpg,D:\IMAGE COMPRESSION PROJECT\output\processed_datasets\light\yes\Y41.jpg,1,1,1,1,1,1,0.9996113181114196,0.997199535369873,0,0
D:\IMAGE COMPRESSION PROJECT\brain_tumor_dataset\yes\Y42.jpg,D:\IMAGE COMPRESSION PROJECT\output\processed_datasets\light\yes\Y42.jpg,1,1,1,1,1,1,0.9978113770484924,0.9974579215049744,0,0
D:\IMAGE COMPRESSION PROJECT\brain_tumor_dataset\yes\Y44.JPG,D:\IMAGE COMPRESSION PROJECT\output\processed_datasets\light\yes\Y44.jpg,1,1,1,1,1,1,0.9963880777359008,0.9896786212921144,0,0
D:\IMAGE COMPRESSION PROJECT\brain_tumor_dataset\yes\Y45.JPG,D:\IMAGE COMPRESSION PROJECT\output\processed_datasets\light\yes\Y45.jpg,1,1,1,1,1,1,0.8659051060676575,0.9035446643829346,0,0
D:\IMAGE COMPRESSION PROJECT\brain_tumor_dataset\yes\Y46.jpg,D:\IMAGE COMPRESSION PROJECT\output\processed_datasets\light\yes\Y46.jpg,1,1,1,1,1,1,0.9395412802696228,0.9433768391609192,0,0
D:\IMAGE COMPRESSION PROJECT\brain_tumor_dataset\yes\Y47.JPG,D:\IMAGE COMPRESSION PROJECT\output\processed_datasets\light\yes\Y47.jpg,1,1,1,1,1,1,0.9790265560150146,0.9785314798355104,0,0
D:\IMAGE COMPRESSION PROJECT\brain_tumor_dataset\yes\Y49.JPG,D:\IMAGE COMPRESSION PROJECT\output\processed_datasets\light\yes\Y49.jpg,1,1,1,1,1,1,0.99457448720932,0.9861080050468444,0,0
D:\IMAGE COMPRESSION PROJECT\brain_tumor_dataset\yes\Y50.JPG,D:\IMAGE COMPRESSION PROJECT\output\processed_datasets\light\yes\Y50.jpg,1,1,1,1,1,1,0.9566356539726256,0.9712834358215332,0,0
D:\IMAGE COMPRESSION PROJECT\brain_tumor_dataset\yes\Y51.jpg,D:\IMAGE COMPRESSION PROJECT\output\processed_datasets\light\yes\Y51.jpg,1,1,1,1,1,1,0.993122398853302,0.9984461665153505,0,0
D:\IMAGE COMPRESSION PROJECT\brain_tumor_dataset\yes\Y52.jpg,D:\IMAGE COMPRESSION PROJECT\output\processed_datasets\light\yes\Y52.jpg,1,1,1,1,1,1,0.9978160858154296,0.9962297081947328,0,0
D:\IMAGE COMPRESSION PROJECT\brain_tumor_dataset\yes\Y53.jpg,D:\IMAGE COMPRESSION PROJECT\output\processed_datasets\light\yes\Y53.jpg,1,1,1,1,1,1,0.9971553087234496,0.980369746685028,0,0
D:\IMAGE COMPRESSION PROJECT\brain_tumor_dataset\yes\Y54.jpg,D:\IMAGE COMPRESSION PROJECT\output\processed_datasets\light\yes\Y54.jpg,1,1,1,1,1,1,0.9981374740600586,0.9980024695396424,0,0
D:\IMAGE COMPRESSION PROJECT\brain_tumor_dataset\yes\Y55.jpg,D:\IMAGE COMPRESSION PROJECT\output\processed_datasets\light\yes\Y55.jpg,1,1,1,1,1,1,0.998596966266632,0.9973549842834472,0,0
D:\IMAGE COMPRESSION PROJECT\brain_tumor_dataset\yes\Y56.jpg,D:\IMAGE COMPRESSION PROJECT\output\processed_datasets\light\yes\Y56.jpg,1,1,1,1,1,1,0.9884371161460876,0.9252927899360656,0,0
D:\IMAGE COMPRESSION PROJECT\brain_tumor_dataset\yes\Y58.JPG,D:\IMAGE COMPRESSION PROJECT\output\processed_datasets\light\yes\Y58.jpg,1,1,1,1,1,1,0.9967250227928162,0.98257577419281,0,0
D:\IMAGE COMPRESSION PROJECT\brain_tumor_dataset\yes\Y59.JPG,D:\IMAGE COMPRESSION PROJECT\output\processed_datasets\light\yes\Y59.jpg,1,1,1,1,1,1,0.6743481755256653,0.5977083444595337,0,0
D:\IMAGE COMPRESSION PROJECT\brain_tumor_dataset\yes\Y6.jpg,D:\IMAGE COMPRESSION PROJECT\output\processed_datasets\light\yes\Y6.jpg,1,1,1,1,1,1,0.997835099697113,0.9967443943023682,0,0
D:\IMAGE COMPRESSION PROJECT\brain_tumor_dataset\yes\Y60.jpg,D:\IMAGE COMPRESSION PROJECT\output\processed_datasets\light\yes\Y60.jpg,1,1,1,1,1,1,0.9985947012901306,0.9937238097190856,0,0
D:\IMAGE COMPRESSION PROJECT\brain_tumor_dataset\yes\Y61.jpg,D:\IMAGE COMPRESSION PROJECT\output\processed_datasets\light\yes\Y61.jpg,1,1,1,1,1,1,0.9997863173484802,0.999685287475586,0,0
D:\IMAGE COMPRESSION PROJECT\brain_tumor_dataset\yes\Y62.jpg,D:\IMAGE COMPRESSION PROJECT\output\processed_datasets\light\yes\Y62.jpg,1,1,1,1,1,1,0.9987515211105348,0.9971524477005004,0,0
D:\IMAGE COMPRESSION PROJECT\brain_tumor_dataset\yes\Y65.JPG,D:\IMAGE COMPRESSION PROJECT\output\processed_datasets\light\yes\Y65.jpg,1,1,1,1,1,1,0.9968690276145936,0.9894519448280334,0,0
D:\IMAGE COMPRESSION PROJECT\brain_tumor_dataset\yes\Y66.JPG,D:\IMAGE COMPRESSION PROJECT\output\processed_datasets\light\yes\Y66.jpg,1,1,1,1,1,1,0.9976571798324584,0.9935654997825624,0,0
D:\IMAGE COMPRESSION PROJECT\brain_tumor_dataset\yes\Y67.JPG,D:\IMAGE COMPRESSION PROJECT\output\processed_datasets\light\yes\Y67.jpg,1,1,1,1,1,1,0.8372796177864075,0.5857018828392029,0,0
D:\IMAGE COMPRESSION PROJECT\brain_tumor_dataset\yes\Y69.jpg,D:\IMAGE COMPRESSION PROJECT\output\processed_datasets\light\yes\Y69.jpg,1,1,1,1,1,1,0.996493637561798,0.9992796778678894,0,0
D:\IMAGE COMPRESSION PROJECT\brain_tumor_dataset\yes\Y7.jpg,D:\IMAGE COMPRESSION PROJECT\output\processed_datasets\light\yes\Y7.jpg,1,1,1,1,1,1,0.9680840373039246,0.8039717078208923,0,0
D:\IMAGE COMPRESSION PROJECT\brain_tumor_dataset\yes\Y70.jpg,D:\IMAGE COMPRESSION PROJECT\output\processed_datasets\light\yes\Y70.jpg,1,1,1,1,1,1,0.9981374740600586,0.9980024695396424,0,0
D:\IMAGE COMPRESSION PROJECT\brain_tumor_dataset\yes\Y71.JPG,D:\IMAGE COMPRESSION PROJECT\output\processed_datasets\light\yes\Y71.jpg,1,1,1,1,1,1,0.9994633793830872,0.9995189905166626,0,0
D:\IMAGE COMPRESSION PROJECT\brain_tumor_dataset\yes\Y73.jpg,D:\IMAGE COMPRESSION PROJECT\output\processed_datasets\light\yes\Y73.jpg,1,1,1,1,1,1,0.999831199645996,0.9983564019203186,0,0
D:\IMAGE COMPRESSION PROJECT\brain_tumor_dataset\yes\Y74.jpg,D:\IMAGE COMPRESSION PROJECT\output\processed_datasets\light\yes\Y74.jpg,1,1,1,1,1,1,0.998596966266632,0.9973549842834472,0,0
D:\IMAGE COMPRESSION PROJECT\brain_tumor_dataset\yes\Y75.JPG,D:\IMAGE COMPRESSION PROJECT\output\processed_datasets\light\yes\Y75.jpg,1,1,1,1,1,1,0.9974032044410706,0.9960992336273192,0,0
D:\IMAGE COMPRESSION PROJECT\brain_tumor_dataset\yes\Y76.jpg,D:\IMAGE COMPRESSION PROJECT\output\processed_datasets\light\yes\Y76.jpg,1,1,1,1,1,1,0.9960381984710692,0.9991378784179688,0,0
D:\IMAGE COMPRESSION PROJECT\brain_tumor_dataset\yes\Y77.jpg,D:\IMAGE COMPRESSION PROJECT\output\processed_datasets\light\yes\Y77.jpg,1,1,1,1,1,1,0.9966147541999816,0.9969660639762878,0,0
D:\IMAGE COMPRESSION PROJECT\brain_tumor_dataset\yes\Y78.jpg,D:\IMAGE COMPRESSION PROJECT\output\processed_datasets\light\yes\Y78.jpg,1,1,1,1,1,1,0.998712420463562,0.9966160655021667,0,0
D:\IMAGE COMPRESSION PROJECT\brain_tumor_dataset\yes\Y79.jpg,D:\IMAGE COMPRESSION PROJECT\output\processed_datasets\light\yes\Y79.jpg,1,1,1,1,1,1,0.9998528957366944,0.9999523162841796,0,0
D:\IMAGE COMPRESSION PROJECT\brain_tumor_dataset\yes\Y8.jpg,D:\IMAGE COMPRESSION PROJECT\output\processed_datasets\light\yes\Y8.jpg,1,1,1,1,1,1,0.9996377229690552,0.988824188709259,0,0
D:\IMAGE COMPRESSION PROJECT\brain_tumor_dataset\yes\Y81.jpg,D:\IMAGE COMPRESSION PROJECT\output\processed_datasets\light\yes\Y81.jpg,1,1,1,1,1,1,0.983459174633026,0.9654369354248048,0,0
D:\IMAGE COMPRESSION PROJECT\brain_tumor_dataset\yes\Y82.jpg,D:\IMAGE COMPRESSION PROJECT\output\processed_datasets\light\yes\Y82.jpg,1,1,1,1,1,1,0.9941482543945312,0.9647112488746644,0,0
D:\IMAGE COMPRESSION PROJECT\brain_tumor_dataset\yes\Y85.JPG,D:\IMAGE COMPRESSION PROJECT\output\processed_datasets\light\yes\Y85.jpg,1,1,1,1,1,1,0.9781922698020936,0.8970056176185608,0,0
D:\IMAGE COMPRESSION PROJECT\brain_tumor_dataset\yes\Y86.JPG,D:\IMAGE COMPRESSION PROJECT\output\processed_datasets\light\yes\Y86.jpg,1,1,1,1,1,1,0.9942023158073424,0.9758926033973694,0,0
D:\IMAGE COMPRESSION PROJECT\brain_tumor_dataset\yes\Y89.JPG,D:\IMAGE COMPRESSION PROJECT\output\processed_datasets\light\yes\Y89.jpg,1,1,1,1,1,1,0.9920921325683594,0.9886907339096068,0,0
D:\IMAGE COMPRESSION PROJECT\brain_tumor_dataset\yes\Y9.jpg,D:\IMAGE COMPRESSION PROJECT\output\processed_datasets\light\yes\Y9.jpg,1,1,1,1,1,1,0.9987177848815918,0.9970699548721312,0,0
D:\IMAGE COMPRESSION PROJECT\brain_tumor_dataset\yes\Y90.jpg,D:\IMAGE COMPRESSION PROJECT\output\processed_datasets\light\yes\Y90.jpg,1,1,1,1,1,1,0.9767147302627563,0.9561921954154968,0,0
D:\IMAGE COMPRESSION PROJECT\brain_tumor_dataset\yes\Y91.jpg,D:\IMAGE COMPRESSION PROJECT\output\processed_datasets\light\yes\Y91.jpg,1,1,1,1,1,1,0.9998288154602052,0.9987792372703552,0,0
D:\IMAGE COMPRESSION PROJECT\brain_tumor_dataset\yes\Y92.png,D:\IMAGE COMPRESSION PROJECT\output\processed_datasets\light\yes\Y92.jpg,1,1,1,1,1,1,0.9969283938407898,0.9798924922943116,0,0
D:\IMAGE COMPRESSION PROJECT\brain_tumor_dataset\yes\Y95.jpg,D:\IMAGE COMPRESSION PROJECT\output\processed_datasets\light\yes\Y95.jpg,1,1,1,1,1,1,0.9980133771896362,0.997294008731842,0,0
D:\IMAGE COMPRESSION PROJECT\brain_tumor_dataset\yes\Y96.jpg,D:\IMAGE COMPRESSION PROJECT\output\processed_datasets\light\yes\Y96.jpg,1,1,1,1,1,1,0.9993663430213928,0.9991106390953064,0,0
D:\IMAGE COMPRESSION PROJECT\brain_tumor_dataset\yes\Y97.JPG,D:\IMAGE COMPRESSION PROJECT\output\processed_datasets\light\yes\Y97.jpg,1,1,1,1,1,1,0.9949400424957277,0.9887586832046508,0,0
D:\IMAGE COMPRESSION PROJECT\brain_tumor_dataset\yes\Y98.JPG,D:\IMAGE COMPRESSION PROJECT\output\processed_datasets\light\yes\Y98.jpg,1,1,1,1,1,1,0.9910915493965148,0.9735291004180908,0,0
D:\IMAGE COMPRESSION PROJECT\brain_tumor_dataset\yes\Y99.JPG,D:\IMAGE COMPRESSION PROJECT\output\processed_datasets\light\yes\Y99.jpg,1,1,1,1,1,1,0.996745467185974,0.994115948677063,0,0
